zipcode,ANNUALTAX,ASSESSMENT,BASEBUILD,BASELAND,CAPCURR,CAPPROP,CLASS3EX,COOPUNITS,LANDAREA,MIX1BLDPCT,MIX1BLDVAL,MIX1LNDPCT,MIX1LNDVAL,MIX1RATE,MIX2BLDPCT,MIX2BLDVAL,MIX2LNDPCT,MIX2LNDVAL,MIX2RATE,NEWIMPR,NEWLAND,NEWTOTAL,OBJECTID,OLDIMPR,OLDLAND,OLDTOTAL,OWNOCCT,PHASEBUILD,PHASELAND,SALEPRICE,TAXRATE,latitude,longitude,bakery_count,bakery_mean_rating,bakery_mean_price_level,bar_count,bar_mean_rating,bar_mean_price_level,cafe_count,cafe_mean_rating,cafe_mean_price_level,grocery_or_supermarket_count,grocery_or_supermarket_mean_rating,grocery_or_supermarket_mean_price_level,movie_theater_count,movie_theater_mean_rating,movie_theater_mean_price_level,park_count,park_mean_rating,park_mean_price_level,pharmacy_count,pharmacy_mean_rating,pharmacy_mean_price_level,restaurant_count,restaurant_mean_rating,restaurant_mean_price_level,school_count,school_mean_rating,school_mean_price_level,spa_count,spa_mean_rating,spa_mean_price_level,subway_station_count,subway_station_mean_rating,subway_station_mean_price_level,log(SALEPRICE),saledate_int
20001,3387.50125557,466783.098842,216617.932324,94820.9109528,412380.614426,461501.315227,0.0,0.0,832.438112199,0.0,0.0,0.0,0.0,0.010071237756,0.0,0.0,0.0,0.0,0.0,327222.511131,188355.39626,515577.907391,12486.9617097,268278.236866,157131.567231,425409.804096,0.0,305354.407836,161428.691006,520847.158504,0.857390917186,38.9119661145,-77.0189447101,14.2796081923,3.96417724152,1.30997656478,19.2039180766,3.92657542255,1.96662228969,17.9332146037,3.92973924668,1.55537150598,18.124666073,3.88258832344,1.9612189147,2.43276936776,4.52282135076,,16.678539626,4.35799386192,,18.4007123776,2.84576495716,1.86336830778,19.8085485307,3.89986733529,1.93829963074,3.57346393589,4.28492734739,,8.41406945681,3.9693613908,2.03135313531,3.41763134461,3.88610996564,,5.68295900773,1.36306324915e+18
20002,3170.25219917,433437.701245,91899.4190871,49249.806639,369065.235685,431859.952697,0.0,0.0,1305.85726141,0.000829875518672,934.058091286,0.000829875518672,368.705394191,0.0103070539419,0.000829875518672,934.058091286,0.000829875518672,368.705394191,1.65975103734e-05,273550.506224,221356.19917,494906.705394,8184.73112033,196880.282158,176725.062241,373605.344398,0.0,255352.79668,178084.904564,491624.992531,0.880290456432,38.9026675776,-76.9918347908,7.1112033195,3.82560334554,1.32112853762,17.046473029,3.96336899881,1.81205311981,9.66721991701,4.10068969308,1.60284277197,16.1958506224,3.84114170335,1.75272267247,0.447302904564,4.11184615385,,9.01742738589,4.42228564246,,11.0456431535,2.8636511467,1.95704140224,19.6788381743,3.89951628018,1.59218075171,0.841493775934,4.19795985061,,1.51867219917,3.96056306306,2.60416666667,0.69377593361,4.45472222222,,5.64078690428,1.36171655701e+18
20003,4038.10577431,529512.581032,128752.992797,89363.9327731,474606.740696,531925.288115,0.0,0.0,1113.73829532,0.0,0.0,0.0,0.0,0.0102400960384,0.0,0.0,0.0,0.0,0.0,335140.588235,250746.842737,585887.430972,11710.1044418,261942.989196,208015.486194,469958.47539,0.0,321604.189676,207908.391357,575202.947179,0.874909963986,38.8878230432,-76.9936508091,8.1824729892,3.57129448863,1.64255562256,15.8595438175,3.97301754467,1.87466185855,13.0720288115,3.94810676465,1.73048829735,14.3505402161,3.84864476222,2.0731054007,0.0876350540216,4.44583333333,,12.6206482593,4.54407633946,,9.51140456182,2.88891415021,1.98353944563,19.0720288115,3.86853859693,1.73206335449,4.70348139256,4.37223039216,,4.64225690276,3.90855273343,2.25,2.60744297719,4.20946969697,,5.7206668284,1.36079439904e+18
20004,3028.55423913,479724.782609,167399.413043,71944.6086957,433701.934783,475351.847826,0.0,0.0,271.923913043,0.0,0.0,0.0,0.0,0.01,0.0,0.0,0.0,0.0,0.0,359947.608696,160423.804348,520371.413043,12849.75,327751.847826,144766.847826,472518.695652,0.0,333204.021739,146520.76087,511165.804348,0.85,38.8976827263,-77.0234471079,18.9891304348,3.52608308967,1.33719623301,19.3369565217,3.90501207729,2.25880697054,19.3913043478,3.66543854651,1.63934117624,6.79347826087,2.82953694246,1.63511235955,7.21739130435,4.31149425287,,19.402173913,4.4709489303,,17.25,3.02634964727,1.69800724638,19.902173913,3.91123866203,2.31446761667,0.0,,,15.5760869565,3.85971741222,2.025,6.95652173913,3.84429112554,,5.68223754584,1.36323046957e+18
20005,3588.16667464,480052.91866,220276.339713,93480.9521531,429386.555024,469622.712919,0.0,0.0,416.327751196,0.0,0.0,0.0,0.0,0.01,0.0,0.0,0.0,0.0,0.0,357209.880383,163151.650718,520361.5311,13096.4880383,313268.971292,142811.028708,456080.0,0.0,332434.473684,147618.444976,537559.141148,0.85,38.9100525615,-77.0306734722,18.6291866029,3.79587944086,1.61306764684,19.2224880383,3.85544387484,2.23876885692,18.980861244,3.86290287566,1.69932814578,18.8301435407,3.99171599268,2.01294134727,1.81100478469,4.23571428571,,19.009569378,4.09698027097,,19.1866028708,3.06472737332,1.98093175389,19.7009569378,3.86572370343,2.31151689916,2.33492822967,4.28751167134,,18.2248803828,4.03416317016,2.11006289308,6.004784689,3.85091750842,,5.68296873397,1.36129752344e+18
20006,3977.1825,504014.583333,120374.166667,56561.4166667,480614.583333,515428.333333,0.0,0.0,1390.33333333,0.0,0.0,0.0,0.0,0.01,0.0,0.0,0.0,0.0,0.0,333942.916667,204885.416667,538828.333333,9910.75,293150.0,184000.0,477150.0,0.0,316638.333333,187376.25,485448.541667,0.85,38.9039035051,-77.0175913261,12.25,3.78328413866,1.58121996167,15.0416666667,3.90435672515,2.15511185083,13.0833333333,3.88092238171,1.61829984505,11.5416666667,3.91474644403,1.89325396825,1.29166666667,4.0,,13.5833333333,4.26741883117,,13.3333333333,3.52024943311,1.88461538462,17.9166666667,3.80327838592,1.98452012384,0.75,4.4,,11.375,4.16064335664,2.69444444444,1.95833333333,3.9608974359,,5.45615461246,1.3688784e+18
20007,7649.32627521,959358.042705,233163.66548,125528.415184,911819.97153,972968.596679,0.0,0.0,2257.82562278,0.0,0.0,0.0,0.0,0.01,0.0,0.0,0.0,0.0,0.0,641671.743772,374689.228944,1016360.97272,9809.20640569,555971.708185,335571.530249,891543.238434,0.0,619307.319098,340050.723606,1048266.2242,0.85,38.9152514154,-77.0692139849,9.19810201661,3.73698010201,1.62925735943,15.2514827995,4.01240846078,2.10199997674,12.3629893238,3.92046144308,1.64957999413,9.418742586,3.75244767052,1.9714984208,1.22301304864,3.9238267148,,10.4068801898,4.41199764844,,9.29893238434,3.5005456212,1.99157377919,18.0272835113,3.94886830904,2.01786971874,0.721233689205,4.40588235294,,11.0652431791,4.43037266286,3.33308966862,0.392645314353,4.0116148532,,5.90090055548,1.36168726548e+18
20008,6531.46453593,842382.739521,269444.833832,129367.110778,787899.862275,855912.199102,0.0,0.0,3075.63622754,0.00149700598802,1052.70958084,0.00149700598802,729.191616766,0.0100748502994,0.00149700598802,1052.70958084,0.00149700598802,729.191616766,2.99401197605e-05,556848.218563,348236.736527,905084.95509,7823.33083832,481867.45509,313199.116766,795066.571856,0.0,516788.532934,325594.206587,899373.916168,0.85494011976,38.9346526722,-77.0571769239,5.73952095808,4.02673482535,1.26402945532,14.7694610778,3.90342684627,2.11509716808,8.65119760479,3.88439720217,1.59130821651,7.69610778443,3.95679349539,2.30782104572,1.18263473054,4.48046357616,,8.22604790419,4.16906191616,,7.05988023952,2.96322225902,1.90718634486,19.5598802395,3.87891608853,1.95811148957,0.366766467066,4.31777777778,,5.2125748503,4.078683611,2.46515151515,1.66766467066,3.92512633625,,5.81528396008,1.36142057964e+18
20009,3493.66580645,471684.58184,207052.648148,89355.5412186,422288.232975,462406.397252,0.0,0.0,655.318399044,0.0,0.0,0.0,0.0,0.01,0.0,0.0,0.0,0.0,0.0,341882.174432,170960.669056,512842.843489,12327.2437276,299459.259259,149357.956989,448817.216249,0.0,318869.653524,152814.928315,967403.284349,0.85,38.9200844661,-77.0346291914,16.6254480287,3.94537208066,1.57090043495,19.3016726404,3.89091225995,2.03361408288,18.9551971326,4.00569781954,1.53360335274,19.3458781362,4.02468035263,1.93254733219,1.61230585424,4.86856677524,,18.3100358423,4.23431815728,,18.6732377539,3.1151926099,1.82869677999,19.8482676225,3.90698035358,2.04900307958,1.7688172043,4.28464710884,,13.7317801673,4.26382234134,2.41135734072,2.2449223417,3.95623627745,,5.73488169806,1.36153016774e+18
20010,3118.49136364,423326.428571,164166.196429,72831.8409091,370496.396104,425809.087662,0.0,0.0,1250.13961039,0.0,0.0,0.0,0.0,0.0101948051948,0.0,0.0,0.0,0.0,0.0,287396.396104,191771.688312,479168.084416,10475.0113636,222391.672078,154692.224026,377083.896104,0.0,268957.045455,154369.383117,482874.827922,0.870211038961,38.9286416691,-77.0276573614,9.82467532468,4.09219861947,1.46881883453,17.9253246753,4.05598590705,1.65628684893,16.2159090909,4.24214994263,1.40818585945,18.2337662338,3.68352005013,1.99538953391,0.709415584416,4.71176470588,,13.0844155844,4.31785234607,,16.0925324675,2.96813708641,1.97045280612,19.4512987013,3.91330572256,1.68461542703,1.21590909091,4.13583342352,,3.44480519481,4.32196817014,2.94444444444,1.52597402597,3.92407407407,,5.61981187851,1.3617302026e+18
20011,2979.8471576,408042.551595,108342.06379,48620.1257036,356491.466229,416193.123827,0.0,0.0,2449.59005629,0.0,0.0,0.0,0.0,0.0103752345216,0.0,0.0,0.0,0.0,0.0,263947.908068,202970.666041,466918.574109,6563.99718574,183319.849906,160096.894934,343416.744841,0.0,248143.424015,159899.12758,499813.27955,0.888930581614,38.9488113114,-77.0203723864,5.13039399625,4.11890465924,1.29253332043,8.73358348968,4.32897337586,1.49252371593,4.52532833021,4.41659578479,1.58017397367,12.9643527205,3.82731976499,1.54698508511,0.062851782364,4.32333333333,,7.3574108818,4.33048611111,,8.49061913696,3.20758993144,1.66531658817,18.1510318949,3.90100726919,1.41442227556,1.47373358349,4.26595006184,,1.19418386492,4.1014204344,2.33333333333,0.460600375235,3.90548654244,,5.621255621,1.3612873576e+18
20012,3551.22148,474275.64,137888.912,60538.012,422381.856,484026.264,0.0,0.0,4840.684,0.004,1255.4,0.004,1316.04,0.01004,0.004,1255.4,0.004,1316.04,8e-05,306732.12,231757.56,538489.68,5551.22,250135.12,192211.64,442346.76,0.0,286056.72,188218.92,526727.304,0.8466,38.9702366737,-77.0231636403,4.112,3.84712171053,1.67626441881,7.764,4.10470292329,1.99722599945,6.488,4.3422456314,1.41818038267,7.796,3.7951793722,1.65452488688,0.064,4.05,,8.976,4.06188235294,,14.108,2.69998190943,1.89396728016,19.016,3.79930567229,1.35830702307,0.492,4.31875,,1.984,3.58805609284,2.33333333333,0.296,3.88333333333,,5.67180673108,1.3621042944e+18
20013,1572.8625,209487.5,57776.75,29657.625,183162.5,200002.5,0.0,0.0,1770.5,0.0,0.0,0.0,0.0,0.01,0.0,0.0,0.0,0.0,0.0,95275.0,131052.5,226327.5,3976.5,101836.25,113556.25,215392.5,0.0,100468.75,109018.75,197784.625,0.85,38.8690568696,-76.9777475985,2.75,4.25833333333,1.36363636364,5.25,4.02211538462,1.76923076923,4.0,4.08904761905,1.42410714286,7.625,4.08333333333,1.94444444444,0.25,4.9,,5.625,4.3875,,7.0,2.55625,1.75,9.75,3.86041666667,1.95296052632,0.0,,,1.375,4.35,,0.5,3.925,,5.09366079727,1.366578e+18
20015,6713.83462121,859367.651515,213972.300505,126292.275253,801305.815657,851536.482323,0.0,0.0,4903.04040404,0.0,0.0,0.0,0.0,0.01,0.0,0.0,0.0,0.0,0.0,543096.515152,362102.373737,905198.888889,7258.99747475,489815.681818,312946.262626,802761.944444,0.0,554910.681818,304456.969697,933631.80303,0.85,38.9625691471,-77.0651945797,2.67676767677,3.43970974359,1.94029941425,9.16919191919,4.02809428508,2.21170213468,4.65404040404,4.10773071312,1.50898189925,5.32070707071,4.09355905053,2.0458984375,0.967171717172,4.19421296296,,5.45454545455,4.20073966408,,7.11868686869,3.4375557339,1.99227150538,11.7045454545,3.8850078612,2.00243828802,0.282828282828,4.20388257576,,3.95707070707,4.10096961818,3.88383838384,0.315656565657,3.92590909091,,5.90624694445,1.36195898182e+18
20016,6335.1923476,800659.727626,210504.223087,105067.627756,744089.398184,794697.918288,0.0,0.0,3860.29831388,0.0,0.0,0.0,0.0,0.0101037613489,0.0,0.0,0.0,0.0,0.0,470509.143969,375149.533074,845658.677043,8081.62256809,440182.645914,334850.306096,775032.95201,0.0,459916.536965,340743.190661,852999.299611,0.860765239948,38.9365524486,-77.0817726577,2.78469520104,3.6684314774,1.57367331021,8.8261997406,4.03053019604,2.12257094187,6.75875486381,3.96688960608,1.76657601693,5.35408560311,3.85769233631,2.28494332818,0.324254215305,3.99326923077,,6.55252918288,4.21394086836,,7.06614785992,3.49806432856,1.99318318318,16.457846952,3.88489089334,1.88784050846,0.0765239948119,4.31666666667,,3.28404669261,4.23485868673,3.55833333333,0.741893644617,3.99618055556,,5.83188785925,1.36064557821e+18
20017,2909.96735897,421300.923077,64882.4205128,62199.4564103,372078.574359,424618.389744,0.0,0.0,2490.78205128,0.0,0.0,0.0,0.0,0.0101025641026,0.0,0.0,0.0,0.0,0.0,263300.435897,212262.153846,475562.589744,8256.25384615,121097.153846,154535.051282,275632.205128,0.0,251062.615385,170238.307692,453482.876923,0.860641025641,38.9344811203,-76.9931836581,2.00769230769,4.09264631043,1.00870870871,8.33846153846,4.08041408481,1.55668982126,4.56923076923,4.13507599068,1.28265224359,6.68205128205,4.05082070707,1.95986590038,0.279487179487,4.9,,3.55897435897,3.5615990991,,7.2641025641,3.2188172043,1.78547486034,16.6487179487,3.69850136136,1.25277477696,4.70769230769,4.15416666667,,0.433333333333,3.95714285714,,1.30256410256,3.9,,5.60918731725,1.36187512615e+18
20018,2354.68438953,352456.133721,62676.4651163,69461.9302326,303916.555233,340565.247093,0.0,0.0,3155.12790698,0.0,0.0,0.0,0.0,0.0101162790698,0.0,0.0,0.0,0.0,0.0,223126.889535,164969.563953,388096.453488,7930.56976744,120332.325581,144755.203488,265087.52907,0.0,211397.703488,141058.430233,384419.511628,0.862063953488,38.9262723514,-76.9685617288,1.79069767442,4.21553081422,1.64847673804,3.34302325581,3.93684559052,1.61907821023,1.98837209302,4.48806313913,1.62240020341,3.78488372093,4.42435808866,2.14459930314,0.0203488372093,4.3,,3.32848837209,4.57578125,,2.4273255814,3.33716049383,1.99137931034,12.2674418605,3.89080789586,1.47227438879,0.656976744186,4.33333333333,,1.12790697674,4.27909530083,2.75,0.148255813953,3.92,,5.55577652955,1.36296929302e+18
20019,849.297913534,198371.691729,54820.825188,34138.7067669,177433.272556,196529.962406,0.0,0.0,2849.58834586,0.0,0.0,0.0,0.0,0.0104511278195,0.0,0.0,0.0,0.0,0.0,117835.244361,99435.1879699,217270.432331,5298.28007519,79701.6165414,101697.857143,181399.473684,0.0,102880.827068,95490.8646617,206271.513158,0.896804511278,38.8900731747,-76.9356060125,1.24060150376,3.48543880362,1.97628726287,0.832706766917,3.99453947368,1.6795112782,0.860902255639,4.35119047619,1.28205128205,5.4530075188,3.51530131827,1.87777777778,0.206766917293,4.63333333333,,5.2030075188,4.08905737705,,2.78195488722,3.87604347826,1.99462365591,11.5206766917,3.49333115811,1.0655797984,2.42293233083,4.57099206349,,0.015037593985,4.2,,0.885338345865,3.9,,5.27094639599,1.36162291128e+18
20020,1356.58704969,231283.975155,69408.6925466,37408.5900621,198086.742236,224502.267081,0.0,0.0,3113.23602484,0.0,0.0,0.0,0.0,0.0103726708075,0.0,0.0,0.0,0.0,0.0,143889.503106,111923.881988,255813.385093,5007.34161491,97530.0621118,112444.47205,209974.534161,0.0,123768.10559,107515.869565,242295.220497,0.888664596273,38.8623679575,-76.9721240181,0.77950310559,2.95347038019,1.72242861305,1.96894409938,3.88377492877,1.4633126935,1.58695652174,3.3794212963,1.72314627,5.5248447205,2.93803278689,1.99979114453,0.0155279503106,4.9,,3.21739130435,4.22116402116,,3.95031055901,2.79991438356,2.0,11.8354037267,3.60887943994,1.30624345367,0.462732919255,4.47916666667,,0.0745341614907,3.9875,,0.608695652174,3.67056451613,,5.3364936617,1.3605874882e+18
20024,1923.84698582,298606.099291,137150.283688,54202.5212766,250311.439716,279613.37234,0.0,0.0,834.602836879,0.0,0.0,0.0,0.0,0.01,0.0,0.0,0.0,0.0,0.0,218055.283688,109639.929078,327695.212766,12350.9219858,191543.617021,95198.8652482,286742.48227,0.0,200893.297872,97712.8014184,327464.698582,0.85,38.8796100897,-77.0156891244,3.81205673759,2.69155921029,1.57824597465,12.9432624113,3.74875874713,1.8924350271,16.3404255319,3.54265768365,1.69371913059,3.5390070922,2.52943055556,1.96665816327,1.10638297872,4.50265957447,,16.7340425532,4.40414990545,,3.00709219858,3.38954599761,1.99928057554,19.8333333333,3.6947504378,1.84021261347,0.670212765957,3.52272727273,,0.386524822695,4.12772727273,2.0,3.50709219858,3.99509803922,,5.47581504573,1.35790437447e+18
20026,4045.24,475910.0,105377.0,32821.0,475910.0,510310.0,0.0,0.0,2300.0,0.0,0.0,0.0,0.0,0.01,0.0,0.0,0.0,0.0,0.0,274470.0,235840.0,510310.0,5011.0,277600.0,194600.0,472200.0,0.0,289100.0,186810.0,485000.0,0.85,38.9578121538,-77.0314513562,7.0,4.46666666667,1.0,3.0,4.25,1.0,4.0,4.63333333333,1.0,11.0,3.4,1.0,0.0,,,4.0,4.4,,5.0,,1.33333333333,20.0,3.80769230769,1.16666666667,0.0,,,1.0,4.2,,0.0,,,5.6857417386,1.36728e+18
20027,8149.37,1576100.0,161466.0,132837.0,1576100.0,1652630.0,0.0,0.0,5763.0,0.0,0.0,0.0,0.0,0.01,0.0,0.0,0.0,0.0,0.0,1234700.0,417930.0,1652630.0,6979.0,464690.0,361460.0,826150.0,0.0,1234700.0,341400.0,650000.0,0.85,38.9693384058,-77.0742074662,3.0,3.6,2.0,11.0,4.01428571429,2.28571428571,3.0,4.15,2.0,7.0,4.06666666667,2.0,1.0,4.3,,5.0,,,9.0,3.525,2.0,18.0,3.76363636364,2.07692307692,0.0,,,2.0,,,1.0,,,5.81291335664,1.338336e+18
20029,363.42,115760.0,79155.5,35863.5,115760.0,118205.0,0.0,0.0,1663.5,0.0,0.0,0.0,0.0,0.01,0.0,0.0,0.0,0.0,0.0,56090.0,62115.0,118205.0,7264.0,55270.0,69140.0,124410.0,0.0,52760.0,63000.0,82886.5,0.85,38.8807426122,-76.9330287057,0.0,,,1.0,,,0.5,,,6.0,3.6,,0.0,,,5.5,3.9,,1.5,4.4,,10.5,3.33125,1.0,0.0,,,0.0,,,0.5,,,4.66043606772,1.371384e+18
20032,838.960672269,165974.117647,74929.4201681,30283.1260504,147394.739496,159661.176471,0.0,0.0,2372.58823529,0.0,0.0,0.0,0.0,0.01,0.0,0.0,0.0,0.0,0.0,95789.1596639,82456.7226891,178245.882353,5279.61344538,75546.4705882,86621.1764706,162167.647059,0.0,84522.1008403,81452.0168067,366597.966387,0.85,38.8382317093,-76.9946772047,0.109243697479,3.7,1.66666666667,1.16806722689,3.655,1.3,0.445378151261,3.978125,1.61111111111,4.7731092437,2.965625,1.97916666667,0.201680672269,4.9,,2.99159663866,4.1,,3.71428571429,2.85428571429,1.99166666667,9.7731092437,3.68727944214,2.04310344828,0.134453781513,4.7,,0.00840336134454,,,0.294117647059,3.81,,5.30030661621,1.36159357311e+18
20036,3434.96113402,493317.268041,125923.072165,53116.5103093,448925.78866,498387.386598,0.0,0.0,598.180412371,0.0,0.0,0.0,0.0,0.01,0.0,0.0,0.0,0.0,0.0,378295.515464,161322.938144,539618.453608,11332.8659794,330997.371134,142424.896907,473422.268041,0.0,346956.85567,146360.412371,541554.036082,0.85,38.9080537292,-77.0382927497,18.2783505155,3.81134926972,1.59557856004,18.9175257732,3.80754429536,2.31449397847,18.706185567,3.87797877941,1.58241896349,18.5618556701,4.09508762183,1.98566308244,1.26804123711,4.35714285714,,18.6546391753,4.11302690438,,18.5979381443,3.36019651197,1.97863720074,19.5927835052,3.91956381112,2.41215497684,0.20618556701,4.25555555556,,18.1391752577,4.06942721122,2.37968441815,4.01546391753,3.94687728938,,5.58286421555,1.36186663918e+18
20037,5161.22954225,621611.93662,281447.433099,121920.242958,586016.390845,642125.010563,0.0,0.0,533.394366197,0.0,0.0,0.0,0.0,0.0101408450704,0.0,0.0,0.0,0.0,0.0,459798.133803,217987.570423,677785.704225,12381.8415493,414750.528169,193681.866197,608432.394366,0.0,427246.971831,194364.964789,747117.616197,0.864612676056,38.9064450757,-77.047895829,18.1725352113,3.87787733809,1.46452046609,19.014084507,3.78367211542,2.2866635043,18.7218309859,3.87466265636,1.52818161331,15.0845070423,3.94508606288,1.83901593011,3.05281690141,3.94,,17.9366197183,4.28500415449,,18.8732394366,3.70017186251,1.98484848485,19.735915493,3.88800284189,2.4116529522,1.29929577465,4.20438596491,,17.9401408451,4.09420131315,2.82329317269,2.75704225352,4.03047526042,,5.77069446464,1.36381487324e+18
20038,1661.68,274460.0,85350.0,16650.0,195492.0,215041.0,0.0,0.0,555.0,0.0,0.0,0.0,0.0,0.01,0.0,0.0,0.0,0.0,0.0,216730.0,92880.0,309610.0,10276.0,173540.0,74380.0,247920.0,0.0,192120.0,82340.0,339900.0,0.85,38.8723051615,-77.0179403139,1.0,2.4,2.0,9.0,3.81666666667,1.85714285714,4.0,,1.5,3.0,2.4,2.0,0.0,,,10.0,4.1,,7.0,3.4,2.0,20.0,3.69090909091,1.90909090909,0.0,,,0.0,,,1.0,,,5.53135116458,1.3436064e+18
20043,2646.72,311380.0,73801.0,31629.0,311380.0,314930.0,0.0,0.0,909.0,0.0,0.0,0.0,0.0,0.01,0.0,0.0,0.0,0.0,0.0,220450.0,94480.0,314930.0,6007.0,224610.0,96260.0,320870.0,0.0,217970.0,93410.0,315000.0,0.85,38.933382884,-77.0552323851,4.0,3.86666666667,1.0,18.0,3.925,2.0,5.0,3.45,1.5,3.0,4.05,3.0,2.0,4.5,,5.0,,,4.0,3.0,,20.0,3.93684210526,2.0,0.0,,,2.0,3.9,,2.0,3.9,,5.49831055379,1.342656e+18
20052,3675.78,432445.0,283570.0,121530.0,432445.0,480810.0,0.0,0.0,175.0,0.0,0.0,0.0,0.0,0.01,0.0,0.0,0.0,0.0,0.0,336570.0,144240.0,480810.0,14185.5,301265.0,129115.0,430380.0,0.0,302710.0,129735.0,462500.0,0.85,38.9069265852,-77.0404222114,20.0,3.83860294118,1.48684210526,20.0,3.77,2.325,20.0,3.86666666667,1.60526315789,17.0,4.16388888889,2.02777777778,3.5,4.2,,18.5,4.10454545455,,20.0,3.46714285714,2.0,20.0,3.91815789474,2.57894736842,0.0,,,20.0,4.02916666667,2.33333333333,5.5,3.8775,,5.64501730568,1.34352e+18
20090,25050.4166667,4429620.0,660816.0,917912.333333,4406220.0,4507860.0,0.0,0.0,6904.66666667,0.0,0.0,0.0,0.0,0.01,0.0,0.0,0.0,0.0,0.0,3581680.0,949580.0,4531260.0,8157.33333333,660790.0,800463.333333,1461253.33333,0.0,3577476.66667,852143.333333,2550000.0,0.85,38.9218333505,-77.0413941242,14.0,4.04590964591,1.5974025974,20.0,3.985,2.01656920078,20.0,4.1035130719,1.46198830409,17.6666666667,3.98222222222,1.76296296296,1.66666666667,3.9,,15.3333333333,4.3575,,18.0,3.21,1.95833333333,20.0,3.96,1.97543859649,0.0,,,11.3333333333,4.39166666667,3.5,1.33333333333,4.0,,6.16946501104,1.3528224e+18
20091,891.09875,109222.5,106771.6875,45404.5625,104835.0,100022.5,0.0,0.0,680.0,0.0,0.0,0.0,0.0,0.01,0.0,0.0,0.0,0.0,0.0,73088.75,31321.25,104410.0,13363.4375,83445.0,35760.625,119205.625,0.0,76455.625,32766.875,581562.5,0.85,38.8371212491,-76.9988578448,1.0,4.0,1.125,2.1875,3.835,2.0625,1.25,3.85833333333,1.58333333333,6.4375,4.375,2.0,0.0625,4.1,,0.9375,3.96666666667,,2.75,3.8,2.0,8.75,4.1125,2.93125,0.0,,,0.0625,,,0.0625,4.5,,5.75978553719,1.3801104e+18
20105,1546.34666667,181923.333333,72919.3333333,33900.0,181923.333333,200080.0,0.0,0.0,2490.0,0.0,0.0,0.0,0.0,0.01,0.0,0.0,0.0,0.0,0.0,76720.0,123360.0,200080.0,6507.66666667,76270.0,105516.666667,181786.666667,0.0,77096.6666667,104826.666667,201833.333333,0.85,38.8920800457,-76.9805619921,4.33333333333,4.18333333333,1.6,7.0,4.17,1.6,4.0,4.27,1.625,9.33333333333,4.03333333333,1.66666666667,0.0,,,8.0,4.2,,5.33333333333,3.225,2.0,11.3333333333,4.08,1.84210526316,0.0,,,0.333333333333,,,0.666666666667,,,5.12635914353,1.378656e+18
20110,2084.54,245240.0,210680.0,192000.0,245240.0,270470.0,0.0,0.0,12000.0,0.0,0.0,0.0,0.0,0.01,0.0,0.0,0.0,0.0,0.0,138350.0,132120.0,270470.0,15663.0,116420.0,132360.0,248780.0,0.0,120200.0,125040.0,136000.0,0.85,38.9004918356,-76.9313510004,2.0,,,1.0,,,1.0,,,5.0,,,0.0,,,6.0,4.2,,0.0,,,9.0,3.32,1.0,20.0,4.375,,0.0,,,1.0,,,5.13353890837,1.3824e+18
20111,5486.32,645450.0,100981.0,92528.0,645450.0,667330.0,0.0,0.0,4875.0,0.0,0.0,0.0,0.0,0.01,0.0,0.0,0.0,0.0,0.0,121770.0,545560.0,667330.0,7783.0,148200.0,483800.0,632000.0,0.0,138500.0,506950.0,805000.0,0.85,38.9295514583,-77.1059596857,1.0,,2.0,3.0,3.93333333333,2.0,2.0,3.4,2.0,1.0,,,0.0,,,5.0,,,12.0,4.3,,8.0,3.95714285714,2.0,0.0,,,3.0,,,0.0,,,5.90579588037,1.3727232e+18
20115,4960.26,583560.0,351260.0,150540.0,583560.0,610540.0,0.0,0.0,184.0,0.0,0.0,0.0,0.0,0.01,0.0,0.0,0.0,0.0,0.0,427380.0,183160.0,610540.0,13860.0,385960.0,165410.0,551370.0,0.0,408490.0,175070.0,639000.0,0.85,38.917568164,-77.028461712,15.0,3.99090909091,1.63636363636,20.0,3.86,2.05263157895,20.0,4.04375,1.53333333333,20.0,4.06666666667,2.0,1.0,4.9,,20.0,4.22857142857,,20.0,2.92857142857,1.66666666667,20.0,3.865,2.05,0.0,,,10.0,4.7,,3.0,3.95,,5.80550085816,1.36512e+18
20118,5842.14,687310.0,110587.0,135413.0,687310.0,762390.0,0.0,0.0,994.0,0.0,0.0,0.0,0.0,0.01,0.0,0.0,0.0,0.0,0.0,429010.0,333380.0,762390.0,8674.0,388730.0,314260.0,702990.0,0.0,379540.0,307770.0,825000.0,0.85,38.9034771701,-77.0588871431,18.0,4.1125,1.69230769231,20.0,3.935,2.63157894737,20.0,3.865,1.70588235294,16.0,3.88333333333,1.6,4.0,3.9,,15.0,4.44,,20.0,4.3,,20.0,3.86,2.47368421053,0.0,,,20.0,4.36923076923,3.5,1.0,4.2,,5.91645394855,1.3703904e+18
20120,1670.545,214085.0,133433.5,54496.5,178985.0,218560.0,0.0,0.0,1703.5,0.0,0.0,0.0,0.0,0.01,0.0,0.0,0.0,0.0,0.0,127840.0,125820.0,253660.0,8445.5,116490.0,98850.0,215340.0,0.0,117635.0,96450.0,218500.0,0.85,38.930467216,-77.0053247554,5.5,4.03333333333,1.16666666667,12.0,4.11184210526,1.39285714286,4.5,4.5,1.33333333333,12.0,3.325,1.25,0.0,,,5.5,4.55,,7.0,2.15,1.66666666667,20.0,4.03740601504,1.37745098039,0.0,,,1.5,4.2,,0.0,,,5.30692091094,1.3848192e+18
20121,4494.356,304004.0,129621.6,46642.4,304004.0,339596.0,0.0,0.0,2409.0,0.0,0.0,0.0,0.0,0.018,0.0,0.0,0.0,0.0,0.0,177340.0,162256.0,339596.0,4836.2,157700.0,139300.0,297000.0,0.0,169030.0,134974.0,288380.0,1.68,38.9159882963,-77.0023058914,4.6,3.84583333333,1.58333333333,8.0,4.14219523167,1.57912457912,7.0,3.86333333333,1.42142857143,9.6,3.59333333333,1.95833333333,0.0,,,7.6,4.34444444444,,10.0,3.175,1.83333333333,15.4,3.75314285714,1.3887696514,0.0,,,2.0,4.25,,0.8,,,5.43404496699,1.36372032e+18
20122,4835.01,568825.0,113995.0,89061.0,568825.0,655840.0,0.0,0.0,2441.5,0.0,0.0,0.0,0.0,0.01,0.0,0.0,0.0,0.0,0.0,293955.0,361885.0,655840.0,8675.0,261420.0,305620.0,567040.0,0.0,275795.0,293030.0,650000.0,0.85,38.9220720679,-77.0438796086,7.0,3.8,1.5,15.5,3.8975,2.09027777778,12.5,3.88214285714,1.69642857143,9.5,3.605,2.08333333333,0.0,,,10.5,4.13,,12.5,3.275,1.75,20.0,3.77485380117,1.975,0.0,,,2.0,4.3,,1.5,4.5,,5.81291335664,1.375272e+18
20124,4430.295,551085.0,99134.75,63737.5,533535.0,583372.5,0.0,0.0,2280.0,0.0,0.0,0.0,0.0,0.01,0.0,0.0,0.0,0.0,0.0,335982.5,264940.0,600922.5,11034.0,303570.0,218317.5,521887.5,0.0,326840.0,224245.0,633375.0,0.85,38.8981534154,-76.9911795606,10.25,3.84109848485,1.46875,15.25,3.86,1.82514619883,15.0,3.96609077197,1.59047619048,16.25,3.99952380952,1.95833333333,0.75,4.9,,13.5,4.26666666667,,11.0,3.30535714286,1.95238095238,19.25,3.71,1.57894736842,0.0,,,4.0,4.225,,2.0,4.0,,5.6808565181,1.369872e+18
20129,21669.82,2549390.0,1151819.0,324000.0,2549390.0,2651770.0,0.0,0.0,7109.0,0.0,0.0,0.0,0.0,0.01,0.0,0.0,0.0,0.0,0.0,1615490.0,1036280.0,2651770.0,5339.0,2084790.0,906110.0,2990900.0,0.0,1593870.0,955520.0,2556000.0,0.85,38.9151164258,-77.0530273658,13.0,4.09,1.4,20.0,3.81,2.1,20.0,3.82,1.61111111111,16.0,4.2,2.33333333333,2.0,,,18.0,4.41666666667,,14.0,3.56666666667,2.0,20.0,3.88,2.10526315789,0.0,,,20.0,4.14615384615,2.33333333333,1.0,4.0,,6.40756084949,1.3406688e+18
20132,4644.73,546440.0,299355.0,128295.0,546440.0,621240.0,0.0,0.0,295.0,0.0,0.0,0.0,0.0,0.01,0.0,0.0,0.0,0.0,0.0,434870.0,186370.0,621240.0,14490.0,399340.0,171145.0,570485.0,0.0,382510.0,163930.0,546500.0,0.85,38.9042167805,-77.0526072559,20.0,3.9125,1.38888888889,20.0,3.7875,2.28947368421,20.0,3.81666666667,1.42105263158,13.0,3.9,1.75,4.0,3.9,,19.5,4.4325,,20.0,3.9,,20.0,3.8375,2.39473684211,0.0,,,20.0,4.06666666667,3.0,2.0,4.1,,5.73699880222,1.3396752e+18
20146,376.68,158830.0,71349.0,15515.0,88630.0,99840.0,0.0,0.0,2226.0,0.0,0.0,0.0,0.0,0.01,0.0,0.0,0.0,0.0,0.0,61990.0,108050.0,170040.0,1454.0,50830.0,108290.0,159120.0,0.0,54360.0,104470.0,50000.0,0.85,38.8920881823,-76.950309277,3.0,3.5,2.0,2.0,,,1.0,,,9.0,3.5,2.0,1.0,,,5.0,3.9,,8.0,3.5,2.0,16.0,3.41666666667,1.2,0.0,,,0.0,,,1.0,,,4.69897000434,1.375056e+18
20147,2570.71714286,302437.142857,118986.571429,54912.5714286,302437.142857,329324.285714,0.0,0.0,1138.57142857,0.0,0.0,0.0,0.0,0.01,0.0,0.0,0.0,0.0,0.0,175690.0,153634.285714,329324.285714,9669.42857143,164280.0,130978.571429,295258.571429,0.0,170857.142857,131580.0,305285.714286,0.85,38.9052758574,-77.0151007309,9.14285714286,3.97967948718,1.49616161616,14.2857142857,3.95520467836,1.98436090226,12.2857142857,4.10228571429,1.49493477283,14.0,4.12095238095,1.92142857143,1.0,4.4,,13.0,4.36371428571,,14.0,3.18944444444,1.96,17.1428571429,3.807213868,1.69677318296,0.0,,,7.0,4.21060606061,2.75,1.28571428571,4.01666666667,,5.43227171272,1.36940297143e+18
20148,2920.94,343640.0,77453.0,49536.0,343640.0,479320.0,0.0,0.0,6400.0,0.0,0.0,0.0,0.0,0.01,0.0,0.0,0.0,0.0,0.0,243160.0,236160.0,479320.0,2091.0,146970.0,196930.0,343900.0,0.0,155220.0,188420.0,465000.0,0.85,38.9304096413,-76.9801990168,2.0,,,10.0,4.24285714286,1.6,3.0,4.46666666667,2.0,6.0,4.65,3.0,0.0,,,5.0,4.6,,5.0,3.25,2.0,20.0,3.96428571429,1.25,0.0,,,1.0,,,0.0,,,5.66745295289,1.3710816e+18
20151,2741.19333333,322493.333333,86468.0,40352.0,322493.333333,369266.666667,0.0,0.0,1096.66666667,0.0,0.0,0.0,0.0,0.01,0.0,0.0,0.0,0.0,0.0,160963.333333,208303.333333,369266.666667,6258.66666667,154283.333333,162623.333333,316906.666667,0.0,160850.0,161643.333333,257666.666667,0.85,38.9209799024,-77.0164070752,12.6666666667,4.07847222222,1.39947089947,15.0,4.06388888889,1.95131578947,14.3333333333,4.23048433048,1.58299595142,17.6666666667,3.84444444444,1.62962962963,0.666666666667,,,14.0,4.36666666667,,16.0,3.10740740741,1.73611111111,20.0,3.90666666667,1.72424242424,0.0,,,7.33333333333,4.12777777778,,1.66666666667,4.0,,5.4042755287,1.3718016e+18
20152,3537.63571429,432584.285714,188475.142857,78817.5714286,432584.285714,491824.285714,0.0,0.0,1291.42857143,0.0,0.0,0.0,0.0,0.01,0.0,0.0,0.0,0.0,0.0,267385.714286,224438.571429,491824.285714,9447.85714286,216004.285714,179647.142857,395651.428571,0.0,255337.142857,177247.142857,440414.285714,0.85,38.9333947764,-77.0307599621,8.57142857143,4.12170868347,1.22023809524,15.0,4.10737431815,1.89932895008,10.4285714286,4.20107142857,1.59682539683,14.7142857143,3.825,1.92857142857,1.71428571429,4.4,,10.7142857143,4.39166666667,,11.4285714286,3.02777777778,2.0,20.0,3.9490446354,1.73595446951,0.0,,,4.85714285714,4.13194444444,2.0,1.85714285714,3.86666666667,,5.62404605143,1.36795885714e+18
20155,1886.58,221950.0,59707.0,27692.0,221950.0,225800.0,0.0,0.0,2588.0,0.0,0.0,0.0,0.0,0.01,0.0,0.0,0.0,0.0,0.0,42440.0,183360.0,225800.0,2002.0,67310.0,154580.0,221890.0,0.0,73110.0,148840.0,283020.0,0.85,38.9355361792,-76.9724563139,2.0,,,1.0,,,4.0,4.4,2.0,6.0,4.7,,0.0,,,4.0,4.6,,0.0,,,18.0,4.21818181818,1.75,0.0,,,3.0,,,0.0,,,5.45181712663,1.369008e+18
20158,2546.08,299540.0,109305.0,36634.0,299540.0,349150.0,0.0,0.0,3840.0,0.0,0.0,0.0,0.0,0.01,0.0,0.0,0.0,0.0,0.0,142520.0,206630.0,349150.0,3244.0,133090.0,173150.0,306240.0,0.0,135960.0,163580.0,288000.0,0.85,38.9624923549,-77.0141409065,2.0,4.4,,3.0,4.7,1.0,2.0,4.5,,6.0,,,0.0,,,6.0,3.8,,2.0,3.4,,16.0,3.93,1.2,0.0,,,0.0,,,0.0,,,5.45939248776,1.3715136e+18
20164,789.48,92880.0,35336.0,15144.0,92880.0,94290.0,0.0,0.0,1360.0,0.0,0.0,0.0,0.0,0.01,0.0,0.0,0.0,0.0,0.0,66000.0,28290.0,94290.0,575.0,80370.0,34440.0,114810.0,0.0,65020.0,27860.0,39000.0,0.85,38.8640842548,-76.9496637053,0.0,,,0.0,,,0.0,,,3.0,,,0.0,,,2.0,,,3.0,,,7.0,3.7,1.5,0.0,,,0.0,,,0.0,,,4.59106460703,1.3722048e+18
20165,2668.8,337376.666667,149093.333333,51140.0,313976.666667,341290.0,0.0,0.0,203.0,0.0,0.0,0.0,0.0,0.01,0.0,0.0,0.0,0.0,0.0,255283.333333,109406.666667,364690.0,11131.6666667,243140.0,104203.333333,347343.333333,0.0,236163.333333,101213.333333,361333.333333,0.85,38.9286535612,-77.0557713,12.6666666667,3.81428571429,1.74305555556,20.0,3.92291666667,2.31228070175,16.3333333333,3.98664717349,1.50877192982,14.3333333333,4.10166666667,1.8,3.0,4.28333333333,,13.0,4.35,,16.6666666667,3.4125,2.0,20.0,3.87824561404,2.24122807018,0.0,,,15.3333333333,4.18802308802,2.75,2.0,3.96666666667,,5.5485922116,1.3687488e+18
20166,8896.5,177930.0,41425.0,16775.0,177930.0,239580.0,0.0,0.0,1525.0,0.0,0.0,0.0,0.0,0.05,0.0,0.0,0.0,0.0,0.0,55470.0,184110.0,239580.0,2371.0,88120.0,134860.0,222980.0,0.0,47370.0,130560.0,141900.0,5.0,38.9034977081,-76.9815610905,4.0,3.6,1.33333333333,20.0,4.01111111111,1.73333333333,4.0,4.4,1.66666666667,13.0,3.25,1.5,0.0,,,7.0,4.7,,9.0,2.15,2.0,20.0,4.01052631579,1.58823529412,0.0,,,2.0,,,0.0,,,5.15198239546,1.3394592e+18
20170,2016.90666667,260683.333333,149992.666667,59391.0,237283.333333,275903.333333,0.0,0.0,748.0,0.0,0.0,0.0,0.0,0.01,0.0,0.0,0.0,0.0,0.0,172176.666667,127126.666667,299303.333333,10146.0,152393.333333,102460.0,254853.333333,0.0,157236.666667,103446.666667,334960.333333,0.85,38.9124701442,-77.0046199981,7.66666666667,4.0303030303,1.48484848485,18.3333333333,4.07511695906,1.74143692565,10.0,4.08125,1.56666666667,18.0,3.62777777778,1.72222222222,1.0,4.5,,11.3333333333,4.50952380952,,12.6666666667,2.79285714286,1.88888888889,20.0,3.95798245614,1.66691176471,0.0,,,4.0,4.7,,1.33333333333,3.95,,5.5014813666,1.3641408e+18
20171,2147.64333333,273107.5,82649.6666667,34385.9166667,261407.5,288171.666667,0.0,0.0,1285.91666667,0.0,0.0,0.0,0.0,0.01,0.0,0.0,0.0,0.0,0.0,167960.833333,131910.833333,299871.666667,6910.16666667,147319.166667,114796.666667,262115.833333,0.0,157344.166667,115763.333333,285766.666667,0.85,38.9079447829,-77.0022578647,10.1666666667,3.88307461874,1.49688624606,14.25,3.97621212121,1.96577670504,11.0,3.86314814815,1.63538011696,13.6666666667,3.89777777778,1.79666666667,1.41666666667,4.16666666667,,12.0,4.31986111111,,11.0833333333,3.33520833333,1.90476190476,18.0,3.82024366472,1.76730951152,0.0,,,8.41666666667,4.08694444444,2.33333333333,3.16666666667,3.85066666667,,5.38288885878,1.3650264e+18
20175,3353.76,394560.0,76180.0,52848.0,394560.0,390180.0,0.0,0.0,1101.0,0.0,0.0,0.0,0.0,0.01,0.0,0.0,0.0,0.0,0.0,273130.0,117050.0,390180.0,12207.0,272970.0,116980.0,389950.0,0.0,276190.0,118370.0,368500.0,0.85,38.9378081464,-77.0748012583,0.0,,,9.0,3.9375,2.25,7.0,4.03333333333,2.0,8.0,3.95,2.0,0.0,,,8.0,4.3,,6.0,2.0,2.0,20.0,3.78,1.75,0.0,,,3.0,4.3,,1.0,,,5.5664374922,1.3648608e+18
20176,2029.90833333,257273.333333,73738.0,32696.6666667,235444.5,285798.333333,0.0,0.0,2070.33333333,0.0,0.0,0.0,0.0,0.01,0.0,0.0,0.0,0.0,0.0,127818.333333,169680.0,297498.333333,2925.33333333,117386.666667,133298.333333,250685.0,0.0,122778.333333,134495.0,270666.666667,0.85,38.9074022531,-76.9973399772,3.5,3.825,1.41666666667,12.0,4.0468320802,1.83430631868,5.33333333333,4.31333333333,1.6130952381,13.0,3.88333333333,1.79166666667,0.333333333333,4.1,,7.16666666667,4.475,,9.16666666667,2.51111111111,2.0,18.0,3.95658093197,1.47358911513,0.0,,,1.5,4.3,,0.333333333333,,,5.35057780437,1.3748256e+18
20178,16496.8,1940800.0,1358560.0,582240.0,1940800.0,1983510.0,0.0,0.0,326.0,0.0,0.0,0.0,0.0,0.01,0.0,0.0,0.0,0.0,0.0,1388460.0,595050.0,1983510.0,15712.0,1358560.0,582240.0,1940800.0,0.0,1358560.0,582240.0,2150000.0,0.85,38.9050298707,-77.048235977,20.0,3.85,1.47368421053,20.0,3.755,2.35,20.0,3.86111111111,1.55,18.0,3.95,1.85714285714,2.0,,,20.0,4.18571428571,,20.0,3.66666666667,2.0,20.0,3.94,2.63157894737,20.0,4.2,,20.0,3.96666666667,2.5,4.0,3.975,,6.33243845992,1.344384e+18
20181,2888.8,339860.0,117175.0,32271.0,339860.0,396080.0,0.0,0.0,1440.0,0.0,0.0,0.0,0.0,0.01,0.0,0.0,0.0,0.0,0.0,185350.0,210730.0,396080.0,2924.0,163820.0,167200.0,331020.0,0.0,174140.0,165720.0,446000.0,0.85,38.9161082546,-77.0081337671,9.0,4.23333333333,1.33333333333,15.0,4.16666666667,1.41666666667,8.0,3.9,1.5,20.0,4.0,1.0,1.0,,,8.0,4.6,,9.0,,,20.0,3.83333333333,1.36842105263,0.0,,,0.0,,,0.0,,,5.64933485871,1.3705632e+18
20184,1817.56,213830.0,52038.0,22302.0,213830.0,219070.0,0.0,0.0,424.0,0.0,0.0,0.0,0.0,0.01,0.0,0.0,0.0,0.0,0.0,153350.0,65720.0,219070.0,6879.0,151830.0,65070.0,216900.0,0.0,149680.0,64150.0,225000.0,0.85,38.9300150385,-77.0776382752,0.0,,,16.0,4.11,1.84615384615,7.0,4.25,2.0,6.0,3.95,2.0,0.0,,,7.0,4.3,,4.0,,2.0,20.0,3.95,1.88888888889,0.0,,,2.0,,,0.0,,,5.35218251811,1.3389408e+18
20186,22126.78,2603150.0,735000.0,315000.0,2603150.0,2190380.0,0.0,0.0,2512.0,0.0,0.0,0.0,0.0,0.01,0.0,0.0,0.0,0.0,0.0,1533270.0,657110.0,2190380.0,5399.0,1671120.0,716200.0,2387320.0,0.0,1822210.0,780940.0,2000000.0,0.85,38.9150086958,-77.0490432295,16.0,4.02307692308,1.41666666667,20.0,3.81,2.15,20.0,3.835,1.52631578947,20.0,4.25,1.875,1.0,,,13.0,4.075,,20.0,3.55,1.66666666667,20.0,3.875,2.36842105263,0.0,,,20.0,4.175,2.33333333333,1.0,4.0,,6.30102999566,1.3618368e+18
20187,2118.15,395395.0,32780.5,50389.5,352680.5,418090.0,0.0,0.0,1780.5,0.0,0.0,0.0,0.0,0.01,0.0,0.0,0.0,0.0,0.0,161285.0,291905.0,453190.0,6497.5,144360.0,226510.0,370870.0,0.0,171350.0,224045.0,422500.0,0.85,38.9047240534,-76.9976394135,3.5,3.78333333333,1.5,11.5,4.07280701754,1.82352941176,8.0,4.39285714286,1.64285714286,14.0,3.825,2.0,1.0,4.9,,9.0,4.5,,13.0,2.4,2.0,18.0,3.99727272727,1.38333333333,0.0,,,2.0,3.9,,1.5,3.9,,5.62521000115,1.381968e+18
20188,3624.74,496640.0,347650.0,148990.0,426440.0,426440.0,0.0,0.0,536.0,0.0,0.0,0.0,0.0,0.01,0.0,0.0,0.0,0.0,0.0,347650.0,148990.0,496640.0,18116.0,347650.0,148990.0,496640.0,0.0,347650.0,148990.0,512000.0,0.85,38.9262299822,-77.0353641532,17.0,4.11818181818,1.6,20.0,3.93,1.9,20.0,4.0625,1.52941176471,20.0,3.83333333333,2.0,2.0,,,20.0,4.23333333333,,18.0,3.0,1.83333333333,20.0,3.95,1.8,0.0,,,7.0,4.3,,1.0,,,5.70926996098,1.3699584e+18
20189,6477.728,762086.0,99867.4,111593.6,762086.0,796234.0,0.0,0.0,1764.4,0.0,0.0,0.0,0.0,0.01,0.0,0.0,0.0,0.0,0.0,570444.0,225790.0,796234.0,8801.0,191882.0,194028.0,385910.0,0.0,569488.0,192598.0,768000.0,0.85,38.9234960802,-77.050557874,15.6,3.88229691877,1.70526315789,20.0,3.91094736842,2.21970760234,19.0,3.9849792038,1.51611111111,16.4,4.0,1.98666666667,2.2,3.975,,15.6,4.16160714286,,19.0,3.50833333333,2.0,20.0,3.92157894737,2.29777777778,0.0,,,15.4,4.09002403846,2.95833333333,2.6,3.985,,5.71736364766,1.35264384e+18
20190,3022.056,382260.666667,109152.8,46571.2666667,363540.666667,399362.0,0.0,0.0,1420.53333333,0.0,0.0,0.0,0.0,0.01,0.0,0.0,0.0,0.0,0.0,228833.333333,192569.333333,421402.666667,5529.46666667,203307.333333,160352.0,363659.333333,0.0,222170.0,160090.666667,395043.266667,0.85,38.901533702,-77.0163627683,6.13333333333,3.68597229296,1.50267869386,13.8,3.95800213675,1.85976158345,8.06666666667,4.18021390374,1.61985189799,11.0,3.50751236858,1.82301587302,0.466666666667,4.0,,9.13333333333,4.42314285714,,8.6,2.87163265306,1.96538461538,17.6666666667,3.76697727273,1.65404173312,0.0,,,4.66666666667,4.27933333333,3.0,0.733333333333,3.8625,,5.45113930393,1.3768128e+18
20191,4593.984,276778.0,57753.0,26640.0,234658.0,253936.0,0.0,0.0,1604.4,0.0,0.0,0.0,0.0,0.018,0.0,0.0,0.0,0.0,0.0,133294.0,162762.0,296056.0,5181.6,129476.0,137660.0,267136.0,0.0,140686.0,136092.0,331700.0,1.68,38.8944821747,-76.9936311197,9.6,3.54947916667,1.25,13.0,3.73298076923,1.69561403509,12.0,3.71666666667,1.44791666667,13.8,4.03166666667,1.86666666667,1.4,4.0,,11.2,4.3225,,10.6,3.6,2.0,17.0,3.81217376775,1.57771929825,0.0,,,4.4,4.1,3.0,1.0,4.06666666667,,5.41598043304,1.37260224e+18
20194,2352.21,348300.0,197213.0,80923.5,276732.0,300450.0,0.0,0.0,1619.5,0.0,0.0,0.0,0.0,0.01,0.0,0.0,0.0,0.0,0.0,226265.0,144385.0,370650.0,10015.0,220780.0,131220.0,352000.0,0.0,221455.0,126845.0,329950.0,0.85,38.9289244241,-77.0101665655,6.5,3.8,1.16666666667,13.5,3.975,1.67708333333,9.0,4.42727272727,1.41666666667,13.0,4.11666666667,2.0,0.5,,,7.5,4.6,,9.0,3.0875,2.0,20.0,3.78571428571,1.6028708134,0.0,,,3.0,4.35,,1.0,3.9,,5.48766764395,1.373328e+18
20195,3425.97,403055.0,99067.5,36420.0,403055.0,485605.0,0.0,0.0,1652.0,0.0,0.0,0.0,0.0,0.01,0.0,0.0,0.0,0.0,0.0,195110.0,290495.0,485605.0,4276.0,177015.0,215870.0,392885.0,0.0,190325.0,212730.0,422500.0,0.85,38.9196104233,-77.0201634152,12.0,4.245,1.35,20.0,3.8975,1.78070175439,19.0,4.085625,1.45833333333,20.0,4.175,2.0,2.0,4.9,,15.5,4.48333333333,,18.5,2.41666666667,2.0,20.0,3.955,1.675,0.0,,,3.5,4.7,,2.5,3.925,,5.6249048047,1.3727664e+18
20201,2649.54,311710.0,176050.0,75450.0,311710.0,337960.0,0.0,0.0,374.0,0.0,0.0,0.0,0.0,0.01,0.0,0.0,0.0,0.0,0.0,236570.0,101390.0,337960.0,13776.0,211130.0,90490.0,301620.0,0.0,218200.0,93510.0,287500.0,0.85,38.8806267251,-77.0163992405,4.0,2.7,1.5,15.0,3.75833333333,1.8,20.0,3.46,1.72727272727,3.0,2.4,2.0,2.0,4.5,,19.0,4.54,,2.0,3.4,2.0,20.0,3.65555555556,1.8125,0.0,,,0.0,,,4.0,,,5.45863784903,1.333584e+18
20521,3440.28,404740.0,228200.0,97800.0,404740.0,426930.0,0.0,0.0,144.0,0.0,0.0,0.0,0.0,0.01,0.0,0.0,0.0,0.0,0.0,298850.0,128080.0,426930.0,13853.0,271810.0,116490.0,388300.0,0.0,283320.0,121420.0,395000.0,0.85,38.9177092161,-77.0285520726,15.0,3.99090909091,1.63636363636,20.0,3.86,2.05263157895,20.0,4.04375,1.53333333333,20.0,4.06666666667,2.0,1.0,4.9,,20.0,4.22857142857,,20.0,2.92857142857,1.66666666667,20.0,3.865,2.05,0.0,,,10.0,4.7,,3.0,3.95,,5.59659709563,1.3582944e+18
20603,1633.5,192176.666667,78666.6666667,80016.6666667,192176.666667,189926.666667,0.0,0.0,1289.0,0.0,0.0,0.0,0.0,0.01,0.0,0.0,0.0,0.0,0.0,120156.666667,69770.0,189926.666667,15310.0,129423.333333,71153.3333333,200576.666667,0.0,125540.0,66636.6666667,158300.0,0.85,38.8617877416,-76.9794176764,0.333333333333,,2.0,0.333333333333,,,0.333333333333,,,2.66666666667,,,0.0,,,3.0,,,2.66666666667,,2.0,5.66666666667,3.85777777778,2.5,0.0,,,0.0,,,0.0,,,4.93856542222,1.3398336e+18
20607,4141.19333333,311080.0,118229.0,49022.3333333,311080.0,347130.0,0.0,0.0,1511.33333333,0.0,0.0,0.0,0.0,0.0233333333333,0.0,0.0,0.0,0.0,0.0,182143.333333,164986.666667,347130.0,6272.66666667,151066.666667,139283.333333,290350.0,0.0,174270.0,136810.0,259833.333333,2.23333333333,38.9017013244,-76.9856083706,9.66666666667,4.03333333333,1.15384615385,13.3333333333,3.9125,1.94117647059,12.6666666667,3.97,1.4976076555,13.6666666667,3.79,1.9,2.33333333333,4.55,,11.6666666667,4.44166666667,,12.6666666667,2.5125,1.66666666667,16.0,3.81061403509,1.63157894737,0.0,,,5.0,3.72,,2.66666666667,3.825,,5.35651391614,1.3719744e+18
20613,4939.19,204607.5,45005.0,39038.5,204607.5,234120.0,0.0,0.0,2333.75,0.0,0.0,0.0,0.0,0.02,0.0,0.0,0.0,0.0,0.0,68132.5,165987.5,234120.0,2990.0,61730.0,142622.5,204352.5,0.0,65820.0,138787.5,161568.75,1.8875,38.8738006852,-76.9733092082,2.25,2.92,1.83333333333,8.0,4.05285714286,1.94736842105,2.75,3.82857142857,1.83333333333,7.75,3.51666666667,2.0,0.0,,,5.25,4.675,,5.25,3.175,2.0,15.0,3.91087009804,1.8045112782,0.0,,,1.75,3.9,,0.75,,,5.08712300675,1.3704984e+18
20623,738.9,157130.0,69960.0,28291.0,86930.0,104660.0,0.0,0.0,2291.0,0.0,0.0,0.0,0.0,0.01,0.0,0.0,0.0,0.0,0.0,67160.0,107700.0,174860.0,611.0,53780.0,113130.0,166910.0,0.0,54930.0,102200.0,85000.0,0.85,38.8754268031,-76.9635227088,1.0,,,2.0,,,0.0,,,4.0,,,0.0,,,5.0,4.1,,1.0,,,11.0,4.21666666667,1.5,0.0,,,0.0,,,0.0,,,4.92941892571,1.383696e+18
20637,2112.76,248560.0,92087.0,25818.0,248560.0,264720.0,0.0,0.0,2600.0,0.0,0.0,0.0,0.0,0.01,0.0,0.0,0.0,0.0,0.0,102660.0,162060.0,264720.0,2538.0,79640.0,146800.0,226440.0,0.0,102390.0,146170.0,267500.0,0.85,38.9497510891,-76.9891670614,0.0,,,1.0,,,1.0,4.1,,0.0,,,0.0,,,4.0,2.6,,2.0,,,6.0,3.8,1.0,0.0,,,1.0,,,0.0,,,5.42732378636,1.3342752e+18
20650,1419.5,167000.0,36400.0,16800.0,167000.0,174710.0,0.0,0.0,336.0,0.0,0.0,0.0,0.0,0.01,0.0,0.0,0.0,0.0,0.0,122300.0,52410.0,174710.0,7439.0,116800.0,50050.0,166850.0,0.0,116900.0,50100.0,150000.0,0.85,38.9312816979,-77.0819391258,2.0,,1.0,7.0,4.08,2.16666666667,9.0,4.25,1.75,5.0,3.95,2.0,0.0,,,8.0,4.3,,4.0,,2.0,19.0,3.96,1.91666666667,0.0,,,1.0,,,0.0,,,5.17609125906,1.359504e+18
20695,4128.02,485650.0,363720.0,155880.0,485650.0,547350.0,0.0,0.0,14.0,0.0,0.0,0.0,0.0,0.01,0.0,0.0,0.0,0.0,0.0,383150.0,164200.0,547350.0,13661.0,325800.0,139630.0,465430.0,0.0,339960.0,145690.0,512500.0,0.85,38.8994430535,-77.0216516813,20.0,3.53529411765,1.375,20.0,3.89,2.27777777778,20.0,3.595,1.7,10.0,3.55,1.66666666667,6.0,4.2,,20.0,4.38333333333,,20.0,3.12,1.66666666667,20.0,3.91052631579,2.36842105263,0.0,,,19.0,3.975,,7.0,3.8,,5.70969386973,1.3382496e+18
20705,3134.1925,368728.75,57766.125,41300.5,368728.75,436773.75,0.0,0.0,2485.0,0.0,0.0,0.0,0.0,0.01,0.0,0.0,0.0,0.0,0.0,175868.75,260905.0,436773.75,4982.875,157930.0,201201.25,359131.25,0.0,168156.25,200572.5,458250.0,0.85,38.898617904,-76.9911948235,6.5,3.86904761905,1.37222222222,15.25,4.00166666667,1.82892487629,9.125,4.2325,1.50625,15.875,3.91944444444,1.80555555556,0.625,4.3,,10.0,4.50833333333,,12.25,2.71095238095,1.97222222222,17.75,3.99064536341,1.58988003096,0.0,,,2.375,4.4,,0.625,4.0,,5.52681170935,1.3716216e+18
20706,4120.415,484755.0,57181.5,35773.25,484755.0,515672.5,0.0,0.0,3971.75,0.0,0.0,0.0,0.0,0.01,0.0,0.0,0.0,0.0,0.0,189457.5,326215.0,515672.5,6572.75,198720.0,296647.5,495367.5,0.0,193747.5,291007.5,1031250.0,0.85,38.9012546484,-77.0140553038,8.25,4.24981481481,1.33333333333,15.25,3.91833333333,1.9649122807,15.0,4.1021978022,1.4188034188,15.5,4.12444444444,2.0,1.0,4.9,,14.75,4.38611111111,,15.0,2.85444444444,1.91666666667,16.75,3.69,1.60789473684,0.0,,,2.75,4.275,,2.75,3.8625,,5.82031517176,1.3506264e+18
20707,2599.0575,305771.25,97709.125,40444.75,305771.25,381513.75,0.0,0.0,2029.125,0.0,0.0,0.0,0.0,0.01,0.0,0.0,0.0,0.0,0.0,166722.5,214791.25,381513.75,6185.25,134975.0,166421.25,301396.25,0.0,139621.25,166150.0,397106.25,0.85,38.9274131121,-77.0056408003,7.875,3.78375,1.39606227106,14.375,4.07315789474,1.76349681021,8.5,4.28923611111,1.58662280702,14.75,3.74513888889,1.671875,0.75,4.3,,9.875,4.34476190476,,13.25,2.76597222222,1.80714285714,20.0,3.90859474053,1.49511784977,0.0,,,2.5,3.85833333333,,0.625,4.225,,5.56485429922,1.3793004e+18
20708,1349.526,179828.0,56588.2,22962.2,151748.0,160614.0,0.0,0.0,2375.0,0.0,0.0,0.0,0.0,0.01,0.0,0.0,0.0,0.0,0.0,92714.0,95980.0,188694.0,4022.8,89750.0,99248.0,188998.0,0.0,87558.0,92270.0,138400.0,0.85,38.910464117,-76.9470360445,2.4,3.98333333333,1.5,1.4,4.36666666667,1.0,1.2,4.65,,6.2,3.45,1.5,0.0,,,4.8,4.33333333333,,4.4,3.425,1.66666666667,12.4,3.71153846154,1.05,0.0,,,0.4,4.2,,1.2,,,5.11332049148,1.37771712e+18
20712,2507.72666667,318426.666667,101143.833333,45555.5,295026.666667,333873.333333,0.0,0.0,2302.83333333,0.0,0.0,0.0,0.0,0.01,0.0,0.0,0.0,0.0,0.0,178178.333333,179095.0,357273.333333,4986.66666667,174530.0,150171.666667,324701.666667,0.0,171811.666667,146615.0,340416.666667,0.85,38.9203415717,-77.0050710222,1.83333333333,3.91666666667,1.5,6.66666666667,4.14641025641,1.92467948718,2.16666666667,4.25625,1.25,9.5,4.1875,1.5,0.166666666667,4.1,,5.16666666667,4.45,,5.33333333333,3.25666666667,2.0,15.3333333333,3.87046194546,1.42043650794,3.0,4.2,,0.833333333333,,,0.333333333333,3.6,,5.41370283808,1.3695984e+18
20715,1555.59555556,208045.555556,69779.2222222,29456.1111111,200245.555556,209368.888889,0.0,0.0,2699.33333333,0.0,0.0,0.0,0.0,0.01,0.0,0.0,0.0,0.0,0.0,104397.777778,112771.111111,217168.888889,2537.11111111,64784.4444444,109506.666667,174291.111111,0.0,104516.666667,103528.888889,157333.333333,0.85,38.8708271842,-76.983949561,0.888888888889,3.35,1.75,2.0,4.07916666667,2.0,1.55555555556,3.965,1.83333333333,6.0,3.32222222222,1.875,0.111111111111,,,3.44444444444,4.225,,5.11111111111,2.91666666667,1.92,15.2222222222,3.64608465608,1.60214752568,0.777777777778,4.7,,0.444444444444,3.65,,0.333333333333,,,5.07871579737,1.3586304e+18
20716,1365.14888889,188223.333333,58057.5555556,22036.2222222,160606.111111,180965.555556,0.0,0.0,1178.77777778,0.0,0.0,0.0,0.0,0.01,0.0,0.0,0.0,0.0,0.0,124097.777778,80267.7777778,204365.555556,9625.22222222,87277.7777778,73657.7777778,160935.555556,0.0,116806.666667,71416.6666667,164597.777778,0.85,38.8871760899,-76.9863076473,3.77777777778,3.76715686275,1.48611111111,6.11111111111,3.97611111111,1.92658569501,4.0,3.81527777778,1.65570175439,7.55555555556,3.66952380952,2.2,0.222222222222,,,5.77777777778,4.26388888889,,5.44444444444,2.99351851852,2.0,13.8888888889,3.61989653621,1.37294973545,0.777777777778,4.7,,2.44444444444,3.96923076923,2.33333333333,1.77777777778,3.7,,5.01324953612,1.3736736e+18
20720,4284.96333333,301360.0,69310.5,27933.5,277426.166667,355823.333333,0.0,0.0,1699.66666667,0.0,0.0,0.0,0.0,0.0166666666667,0.0,0.0,0.0,0.0,0.0,162996.666667,216226.666667,379223.333333,4818.5,129850.0,163350.0,293200.0,0.0,138778.333333,162581.666667,328533.333333,1.54166666667,38.9333257029,-77.0056966113,5.33333333333,4.2,1.16666666667,10.6666666667,4.2505952381,1.53835978836,6.33333333333,4.19047619048,1.41904761905,15.5,3.72777777778,1.55555555556,0.333333333333,4.1,,7.16666666667,4.6,,14.6666666667,3.08,1.80555555556,18.8333333333,3.84484492481,1.36272922124,0.0,,,1.16666666667,4.2,,0.833333333333,3.9,,5.49628664276,1.3717296e+18
20721,2547.35818182,324139.545455,85770.2272727,41490.6818182,309401.409091,346109.545455,0.0,0.0,3313.0,0.0,0.0,0.0,0.0,0.01,0.0,0.0,0.0,0.0,0.0,158059.545455,200813.636364,358873.181818,5059.77272727,118257.272727,171257.272727,289514.545455,0.0,150943.636364,173195.909091,347690.863636,0.85,38.9176608838,-76.9827389359,2.54545454545,3.86282051282,1.52164502165,6.36363636364,4.18210270499,1.73637239953,3.27272727273,4.26680555556,1.77380952381,7.31818181818,3.66694444444,1.79411764706,0.363636363636,4.5,,6.31818181818,4.10694444444,,5.36363636364,2.89444444444,1.79487179487,17.3181818182,3.69443201301,1.33561679549,0.0,,,1.22727272727,3.88571428571,,0.818181818182,3.86666666667,,5.34583327662,1.37028043636e+18
20722,1786.43666667,231956.666667,62372.75,30077.0833333,216347.875,244262.083333,0.0,0.0,3454.33333333,0.0,0.0,0.0,0.0,0.01,0.0,0.0,0.0,0.0,0.0,114357.083333,144530.0,258887.083333,2272.33333333,93892.9166667,133514.583333,227407.5,0.0,105076.25,126880.416667,194922.416667,0.85,38.8928220206,-76.9704010009,1.54166666667,3.82291666667,1.6,3.16666666667,4.33677248677,1.62040441176,1.95833333333,3.97722222222,1.75925925926,6.625,3.54444444444,1.58333333333,0.0416666666667,,,5.66666666667,4.15,,3.125,3.15416666667,1.77777777778,12.75,3.78721333609,1.29291867553,0.0,,,0.25,3.83333333333,,0.541666666667,3.9,,5.19946223469,1.3778136e+18
20723,1884.78666667,221740.0,130276.333333,47867.3333333,221740.0,247103.333333,0.0,0.0,1026.33333333,0.0,0.0,0.0,0.0,0.01,0.0,0.0,0.0,0.0,0.0,140636.666667,106466.666667,247103.333333,6060.0,123310.0,100220.0,223530.0,0.0,123596.666667,98143.3333333,179716.666667,0.85,38.8966203465,-76.9761790569,8.0,3.49777777778,1.75757575758,7.33333333333,3.845,2.23529411765,7.33333333333,3.5,1.63157894737,9.33333333333,3.53888888889,1.93333333333,2.0,4.2,,11.0,4.19166666667,,12.0,3.36666666667,1.88888888889,16.6666666667,3.55611111111,1.55,6.66666666667,4.2,,4.33333333333,3.72,,2.0,4.1,,5.2364635619,1.37376e+18
20731,2176.84,256100.0,75827.0,7973.0,256100.0,303580.0,0.0,0.0,469.0,0.0,0.0,0.0,0.0,0.01,0.0,0.0,0.0,0.0,0.0,212510.0,91070.0,303580.0,9749.0,153390.0,65740.0,219130.0,0.0,179270.0,76830.0,251001.0,0.85,38.9033825693,-76.9987709679,16.0,4.0,1.125,20.0,3.835,2.0625,20.0,3.87692307692,1.66666666667,20.0,4.375,2.0,1.0,4.1,,12.0,3.96666666667,,14.0,3.8,2.0,20.0,3.8,1.9,0.0,,,1.0,,,1.0,4.5,,5.39967545173,1.380672e+18
20732,1223.74,143970.0,46046.0,19734.0,143970.0,129160.0,0.0,0.0,1376.0,0.0,0.0,0.0,0.0,0.01,0.0,0.0,0.0,0.0,0.0,90410.0,38750.0,129160.0,558.0,109210.0,46810.0,156020.0,0.0,100780.0,43190.0,157000.0,0.85,38.8643571688,-76.9542723965,1.0,,,0.0,,,0.0,,,2.0,,,0.0,,,4.0,,,3.0,,,10.0,3.66666666667,1.25,0.0,,,0.0,,,0.0,,,5.19589965241,1.3605408e+18
20735,1617.29166667,207820.0,62253.1666667,31582.3333333,184420.0,219295.0,0.0,0.0,4070.16666667,0.0,0.0,0.0,0.0,0.01,0.0,0.0,0.0,0.0,0.0,93050.0,149645.0,242695.0,1556.66666667,73203.3333333,131748.333333,204951.666667,0.0,79618.3333333,128201.666667,187800.833333,0.85,38.9043926576,-76.9728433822,1.83333333333,3.55,1.66666666667,4.0,3.77941176471,1.93333333333,1.33333333333,4.4,1.83333333333,4.66666666667,3.81666666667,1.75,0.333333333333,,,3.83333333333,4.3,,3.16666666667,2.825,2.0,12.6666666667,3.54678849903,1.30196078431,0.0,,,1.0,,,0.666666666667,3.9,,5.19278874433,1.360224e+18
20736,1177.5,138530.0,34861.0,11139.0,138530.0,150240.0,0.0,0.0,347.0,0.0,0.0,0.0,0.0,0.01,0.0,0.0,0.0,0.0,0.0,105170.0,45070.0,150240.0,10426.0,91570.0,39250.0,130820.0,0.0,96970.0,41560.0,157000.0,0.85,38.875387134,-77.0173436964,3.0,2.55,1.66666666667,10.0,3.82857142857,1.875,13.0,3.6,1.66666666667,3.0,2.4,2.0,0.0,,,12.0,4.1,,2.0,3.4,2.0,20.0,3.77333333333,1.92307692308,0.0,,,0.0,,,1.0,,,5.19589965241,1.3686624e+18
20737,2178.64,256310.0,64650.0,23439.0,256310.0,319280.0,0.0,0.0,1524.0,0.0,0.0,0.0,0.0,0.01,0.0,0.0,0.0,0.0,0.0,95310.0,223970.0,319280.0,3405.0,87200.0,162990.0,250190.0,0.0,93880.0,162430.0,242000.0,0.85,38.9551043244,-77.0201483147,6.0,4.46666666667,1.0,5.0,4.36666666667,,3.0,4.65,,12.0,3.4,1.0,0.0,,,4.0,4.5,,12.0,3.35,1.33333333333,20.0,3.95,1.27272727273,0.0,,,2.0,4.2,,0.0,,,5.38381536598,1.3499136e+18
20740,2980.105,376712.5,103470.375,67231.625,367937.5,415441.25,0.0,0.0,952.875,0.0,0.0,0.0,0.0,0.01,0.0,0.0,0.0,0.0,0.0,254118.75,170097.5,424216.25,10144.5,167317.5,145102.5,312420.0,0.0,227163.75,149548.75,447861.25,0.85,38.9061858516,-77.0078518244,7.625,3.81629901961,1.32738095238,11.875,3.86727466977,1.9837395147,9.0,3.80864597391,1.68895154553,8.5,3.78119047619,1.99444444444,1.625,4.3,,10.5,4.49111111111,,7.875,2.68142857143,1.86666666667,18.0,3.83877192982,1.76798245614,4.125,4.275,,5.0,3.84785714286,,2.375,3.73333333333,,5.6278706115,1.3664916e+18
20743,1334.44,203793.333333,66597.6666667,19742.3333333,156993.333333,170580.0,0.0,0.0,1576.33333333,0.0,0.0,0.0,0.0,0.01,0.0,0.0,0.0,0.0,0.0,132096.666667,85283.3333333,217380.0,5548.0,122913.333333,84583.3333333,207496.666667,0.0,123256.666667,80536.6666667,183500.0,0.85,38.9106687536,-76.9936622392,2.66666666667,3.83333333333,1.5,9.66666666667,3.93128654971,2.00396825397,5.0,4.15714285714,1.52083333333,8.66666666667,3.75833333333,1.91666666667,0.0,,,6.33333333333,4.325,,6.66666666667,3.4,2.0,17.3333333333,3.68226120858,1.44607843137,0.0,,,1.33333333333,,,1.0,,,5.19699787026,1.3677408e+18
20744,1657.02285714,229648.571429,115065.857143,45708.8571429,209270.571429,245177.142857,0.0,0.0,1685.42857143,0.0,0.0,0.0,0.0,0.01,0.0,0.0,0.0,0.0,0.0,129170.0,136064.285714,265234.285714,6505.57142857,109892.857143,113735.714286,223628.571429,0.0,115951.428571,113697.142857,264000.0,0.85,38.8997354559,-76.9940528159,5.42857142857,3.58333333333,1.62307692308,9.42857142857,3.94583333333,1.89360661269,8.0,3.63242424242,1.62472334683,11.1428571429,3.48,1.91111111111,0.857142857143,4.3,,9.0,4.45166666667,,7.85714285714,3.15208333333,1.97142857143,16.8571428571,3.8481147459,1.51188686001,0.0,,,2.85714285714,4.175,,1.28571428571,4.0,,5.23567686868,1.36809462857e+18
20745,2381.796,316338.0,93325.2,58690.6,273336.0,321868.0,0.0,0.0,3107.8,0.0,0.0,0.0,0.0,0.01,0.0,0.0,0.0,0.0,0.0,139428.0,210520.0,349948.0,7072.6,141152.0,175458.0,316610.0,0.0,146460.0,169878.0,293407.2,0.85,38.9070803006,-76.9807760459,2.8,3.53333333333,1.88888888889,5.8,4.23666666667,1.85416666667,3.8,4.51666666667,1.7619047619,9.6,3.725,2.0,0.2,,,7.8,4.275,,7.0,3.14444444444,2.0,15.0,3.70250980392,1.32321428571,0.0,,,1.0,3.9,,1.0,,,5.20842780253,1.37301696e+18
20747,1412.41333333,166166.666667,62224.8333333,25806.0,166166.666667,187281.666667,0.0,0.0,4720.5,0.0,0.0,0.0,0.0,0.01,0.0,0.0,0.0,0.0,0.0,66588.3333333,120693.333333,187281.666667,1191.5,59868.3333333,113438.333333,173306.666667,0.0,60421.6666667,105745.0,124588.833333,0.85,38.8823229319,-76.961430831,2.33333333333,3.53333333333,1.66666666667,1.16666666667,4.15,2.0,1.16666666667,3.12222222222,2.0,5.66666666667,3.26666666667,1.66666666667,0.0,,,3.66666666667,4.3,,4.33333333333,3.05,2.0,11.0,3.57770833333,1.17307692308,0.0,,,0.333333333333,4.2,,0.333333333333,,,4.88486153748,1.3820832e+18
20748,1916.12444444,241026.666667,69099.0,29613.7777778,225426.666667,252697.777778,0.0,0.0,2881.11111111,0.0,0.0,0.0,0.0,0.01,0.0,0.0,0.0,0.0,0.0,132931.111111,135366.666667,268297.777778,1876.55555556,99681.1111111,122817.777778,222498.888889,0.0,122684.444444,118342.222222,214262.222222,0.85,38.8918843,-76.9866497047,2.11111111111,3.70625,1.75,5.55555555556,3.95240384615,1.66666666667,2.44444444444,4.23666666667,1.72222222222,7.33333333333,3.76388888889,2.125,0.333333333333,,,5.77777777778,4.1,,4.0,3.32666666667,2.0,13.8888888889,3.57274410774,1.33840155945,0.0,,,0.888888888889,4.6,,0.666666666667,3.7,,5.2081438503,1.368912e+18
20749,631.68,74315.0,30317.0,12993.0,74315.0,65145.0,0.0,0.0,1059.0,0.0,0.0,0.0,0.0,0.01,0.0,0.0,0.0,0.0,0.0,45605.0,19540.0,65145.0,985.0,57250.0,24540.0,81790.0,0.0,52025.0,22290.0,35000.0,0.85,38.8828032628,-76.946171198,1.0,,,0.0,,,1.0,,,5.0,,,1.0,,,6.0,4.0,,1.0,,,8.5,3.02142857143,1.25,0.0,,,0.0,,,1.0,,,4.54406804435,1.3354848e+18
20754,1620.7,190670.0,45689.0,39042.0,190670.0,212260.0,0.0,0.0,3750.0,0.0,0.0,0.0,0.0,0.01,0.0,0.0,0.0,0.0,0.0,94580.0,117680.0,212260.0,717.0,80220.0,122400.0,202620.0,0.0,79890.0,110780.0,122000.0,0.85,38.8710091864,-76.9699619363,1.0,,,2.0,,,1.0,,,5.0,,,0.0,,,2.0,,,1.0,,,11.0,4.21666666667,1.5,0.0,,,0.0,,,0.0,,,5.08635983067,1.3678848e+18
20769,1509.86,247830.0,81157.0,21443.0,177630.0,196770.0,0.0,0.0,668.0,0.0,0.0,0.0,0.0,0.01,0.0,0.0,0.0,0.0,0.0,186880.0,80090.0,266970.0,10460.0,174400.0,74740.0,249140.0,0.0,173480.0,74350.0,190000.0,0.85,38.875894971,-77.0165537597,3.0,2.55,1.66666666667,13.0,3.86,1.9,12.0,3.6,1.66666666667,3.0,2.4,2.0,0.0,,,11.0,4.1,,2.0,3.4,2.0,20.0,3.64705882353,1.86666666667,0.0,,,0.0,,,1.0,,,5.27875360095,1.3424832e+18
20770,1565.28,184150.0,49704.0,34243.0,184150.0,198340.0,0.0,0.0,3750.0,0.0,0.0,0.0,0.0,0.01,0.0,0.0,0.0,0.0,0.0,81300.0,117040.0,198340.0,749.0,74110.0,118350.0,192460.0,0.0,74650.0,109500.0,102000.0,0.85,38.8851961052,-76.9464958126,3.0,3.5,2.0,1.0,,,1.0,,,7.0,3.5,2.0,1.0,,,6.0,4.0,,5.0,3.5,2.0,14.0,3.14,1.16666666667,0.0,,,0.0,,,1.0,,,5.00860017176,1.38024e+18
20772,2809.31928571,266002.857143,80466.7857143,31620.9285714,228149.285714,265131.571429,0.0,0.0,3821.07142857,0.0,0.0,0.0,0.0,0.0128571428571,0.0,0.0,0.0,0.0,0.0,142517.857143,159686.428571,302204.285714,2857.5,115673.571429,144667.142857,260340.714286,0.0,125924.285714,140078.571429,228748.642857,1.14642857143,38.8973321784,-76.9755445754,2.21428571429,3.41,1.64583333333,5.35714285714,4.19326530612,1.53972109762,2.21428571429,3.78875,1.76666666667,6.78571428571,3.67424242424,1.9,0.142857142857,4.1,,5.57142857143,4.23333333333,,5.57142857143,3.24515151515,1.85,13.2142857143,3.71465986395,1.47782266753,0.0,,,0.857142857143,3.9,,0.357142857143,3.9,,5.31474166354,1.36500274286e+18
20774,1744.77230769,243643.846154,60532.8461538,27761.6153846,229197.384615,273290.0,0.0,0.0,1796.46153846,0.0,0.0,0.0,0.0,0.01,0.0,0.0,0.0,0.0,0.0,139772.307692,144317.692308,284090.0,5585.15384615,103488.461538,120846.153846,224334.615385,0.0,125799.230769,117844.615385,212620.923077,0.85,38.9129427637,-76.9957983036,5.23076923077,3.75666666667,1.28611111111,7.30769230769,4.0217251462,1.53568643832,7.0,4.27013071895,1.51972210796,10.2307692308,3.61571428571,1.5625,0.230769230769,4.9,,7.61538461538,4.33,,7.92307692308,3.22732142857,1.6875,16.8461538462,3.84010656011,1.44852421533,0.0,,,1.69230769231,4.03333333333,,0.692307692308,3.75,,5.27093740911,1.36683470769e+18
20777,2755.53,324180.0,108425.0,46097.5,324180.0,342090.0,0.0,0.0,2069.0,0.0,0.0,0.0,0.0,0.01,0.0,0.0,0.0,0.0,0.0,220735.0,121355.0,342090.0,6235.0,191950.0,115890.0,307840.0,0.0,208135.0,116045.0,250000.0,0.85,38.8767636363,-77.0242797738,10.0,3.925,1.42105263158,11.0,3.6675,2.3,11.0,3.95555555556,1.47368421053,10.5,4.13333333333,1.83333333333,2.0,3.9,,10.5,4.175,,10.5,3.9,,14.5,3.7325,2.03947368421,0.0,,,10.0,4.07692307692,3.0,2.5,3.975,,5.32307928493,1.3472352e+18
20778,3548.37,417455.0,224444.0,117161.0,417455.0,497545.0,0.0,0.0,150.0,0.0,0.0,0.0,0.0,0.01,0.0,0.0,0.0,0.0,0.0,348230.0,149315.0,497545.0,15417.5,270805.0,137030.0,407835.0,0.0,277540.0,139915.0,503000.0,0.85,38.9062061727,-77.0303168591,20.0,3.66176470588,1.4375,20.0,3.855,2.21052631579,20.0,3.79638888889,1.55,17.5,3.99,2.0,4.0,4.2,,20.0,4.24888888889,,20.0,3.13333333333,2.0,20.0,3.92315789474,2.34210526316,0.0,,,20.0,4.0875,2.125,5.0,3.9,,5.6969454695,1.3766112e+18
20781,4151.66,558630.0,76328.0,27036.0,488430.0,550570.0,0.0,0.0,1800.0,0.0,0.0,0.0,0.0,0.01,0.0,0.0,0.0,0.0,0.0,370970.0,249800.0,620770.0,3799.0,343700.0,182750.0,526450.0,0.0,367250.0,191380.0,545000.0,0.85,38.9425607446,-77.0230429322,5.0,3.95,1.5,20.0,4.24444444444,1.64285714286,5.0,4.35,1.5,20.0,4.2,2.0,0.0,,,9.0,,,15.0,3.25,2.0,20.0,3.89444444444,1.5625,0.0,,,1.0,,,1.0,,,5.73639650228,1.3353984e+18
20782,2987.43818182,303044.545455,92672.2727273,37519.3636364,267650.818182,320886.909091,0.0,0.0,1997.54545455,0.0,0.0,0.0,0.0,0.0136363636364,0.0,0.0,0.0,0.0,0.0,171731.818182,184574.545455,356306.363636,4785.45454545,123595.454545,151667.272727,275262.727273,0.0,153892.727273,149151.818182,317363.636364,1.22727272727,38.9438670328,-77.0062321346,4.18181818182,3.93723958333,1.34375,6.72727272727,4.22058646617,1.61106680844,4.90909090909,4.33802631579,1.48903508772,9.45454545455,3.91083333333,1.55,0.363636363636,4.1,,7.36363636364,4.34305555556,,8.09090909091,3.11944444444,1.70416666667,18.1818181818,3.87815716447,1.4565484567,1.81818181818,3.95,,2.81818181818,3.86833333333,2.5,0.545454545455,3.91666666667,,5.44268236143,1.36631389091e+18
20783,1397.18,178414.0,85952.6,29968.8,164374.0,166476.0,0.0,0.0,2019.2,0.0,0.0,0.0,0.0,0.01,0.0,0.0,0.0,0.0,0.0,105824.0,74692.0,180516.0,9437.2,106470.0,74812.0,181282.0,0.0,105876.0,72538.0,148031.0,0.85,38.8865131471,-76.9993939619,2.8,4.01,1.5,5.0,4.10350877193,1.33333333333,4.6,4.1137254902,1.41176470588,6.6,3.22777777778,1.66666666667,0.4,,,5.6,4.1,,6.2,2.81428571429,1.66666666667,10.6,3.467,1.24736842105,0.0,,,1.2,4.3,,1.0,3.85,,5.05187594493,1.3541472e+18
20784,1925.82333333,258360.0,79062.0,34635.1666667,234960.0,265316.666667,0.0,0.0,2180.83333333,0.0,0.0,0.0,0.0,0.01,0.0,0.0,0.0,0.0,0.0,130421.666667,158295.0,288716.666667,2866.83333333,132765.0,141636.666667,274401.666667,0.0,121181.666667,137178.333333,212772.0,0.85,38.9131468191,-77.0000719314,3.5,3.66111111111,1.75555555556,8.0,4.05153846154,2.11111111111,3.83333333333,3.72583333333,1.80833333333,9.83333333333,3.70277777778,1.85,0.166666666667,4.1,,6.16666666667,3.925,,5.83333333333,3.325,1.9,16.1666666667,3.8055982906,1.36296296296,0.0,,,1.5,4.6,,0.333333333333,3.9,,5.16952570374,1.3638384e+18
20785,2425.665,285372.5,84547.5,32192.5,285372.5,320355.0,0.0,0.0,509.0,0.0,0.0,0.0,0.0,0.01,0.0,0.0,0.0,0.0,0.0,224247.5,96107.5,320355.0,10382.75,196702.5,84302.5,281005.0,0.0,199760.0,85612.5,340312.5,0.85,38.9075314222,-77.0476676883,9.0,3.38722222222,1.7431372549,13.75,3.85111842105,2.15595238095,12.5,4.02592592593,1.67483660131,10.75,3.58035714286,1.90178571429,1.0,,,13.5,4.18142857143,,12.25,3.52,1.93333333333,20.0,3.84747607656,2.19736842105,0.0,,,10.75,4.19562289562,2.0,1.5,3.9375,,5.47823555467,1.3695048e+18
20814,4173.86646154,560647.692308,105533.907692,123855.984615,548567.738462,602942.923077,0.0,0.0,1638.72307692,0.0,0.0,0.0,0.0,0.0106153846154,0.0,0.0,0.0,0.0,0.0,346066.615385,268756.307692,614822.923077,12216.2307692,171136.615385,195166.307692,366302.923077,0.0,344232.307692,216415.384615,1425227.44615,0.913846153846,38.931767416,-77.0216059875,5.73846153846,4.00610204191,1.32638350198,13.0,4.10234807764,1.66235043875,9.16923076923,4.17271314751,1.44049666404,11.7692307692,3.75096092796,1.78342440801,0.584615384615,3.95384615385,,6.27692307692,4.3161031746,,15.3692307692,3.28869246032,1.94566326531,19.3230769231,3.89975348214,1.46690386986,6.44615384615,4.18761904762,,4.16923076923,4.20951915606,3.33333333333,1.52307692308,3.98333333333,,5.99143201875,1.35968344615e+18
20815,5857.8356,728151.2,219028.08,107971.64,722535.2,786182.8,0.0,0.0,3872.32,0.0,0.0,0.0,0.0,0.01,0.0,0.0,0.0,0.0,0.0,475497.6,316301.2,791798.8,7856.8,370062.8,282055.2,652118.0,0.0,439284.0,288867.2,741949.88,0.85,38.9314490919,-77.0472581643,8.6,3.96716346154,1.41145602802,11.56,3.9536423445,2.09411725615,10.8,3.96716183575,1.67539129687,10.16,3.89606625259,1.98981481481,1.36,4.37142857143,,10.8,4.33596700084,,10.44,3.09460784314,1.88650793651,17.16,3.91809491891,1.9736059606,0.0,,,7.48,4.12796989469,2.8,1.6,3.92083333333,,5.74040361356,1.35883008e+18
20816,5490.46923077,663197.307692,220153.384615,109672.884615,644400.384615,696032.692308,0.0,0.0,1918.5,0.0,0.0,0.0,0.0,0.01,0.0,0.0,0.0,0.0,0.0,425611.153846,288825.384615,714436.538462,9795.30769231,420929.230769,251434.230769,672363.461538,0.0,409518.076923,253679.230769,665758.307692,0.85,38.9184766664,-77.0536460258,8.23076923077,3.81758543707,1.43003151819,13.7692307692,3.95213502506,2.11420437327,11.1923076923,3.89174697443,1.70953968995,10.2307692308,3.83101428571,1.99095238095,1.38461538462,4.34090909091,,10.1923076923,4.27891534392,,10.3846153846,3.08798941799,1.9875,17.9230769231,3.92844776681,2.00484717711,1.53846153846,4.3,,8.26923076923,4.14282554047,2.81481481481,1.69230769231,3.94270833333,,5.62683768771,1.35542326154e+18
20817,3671.16029412,450592.058824,125552.382353,59958.2941176,439582.970588,480259.705882,0.0,0.0,1334.0,0.0,0.0,0.0,0.0,0.01,0.0,0.0,0.0,0.0,0.0,276601.176471,211917.352941,488518.529412,8882.47058824,261894.705882,177926.470588,439821.176471,0.0,273226.176471,177365.882353,478534.970588,0.85,38.916131157,-77.0335872951,10.9705882353,3.79066599033,1.41295270001,16.4117647059,3.91322963715,2.09055273359,14.9705882353,3.9653394586,1.56466146244,13.0,3.77889880952,1.88608630952,1.79411764706,4.28571428571,,13.6176470588,4.29029830323,,13.0,3.18801459293,1.85925925926,19.5294117647,3.8652437164,1.98569072624,0.588235294118,4.2,,9.11764705882,4.03413401413,2.70833333333,2.14705882353,3.98421052632,,5.60974155132,1.36122945882e+18
20818,2048.89,541105.0,83883.0,56899.0,392543.5,522835.0,0.0,0.0,5797.5,0.0,0.0,0.0,0.0,0.01,0.0,0.0,0.0,0.0,0.0,154220.0,403715.0,557935.0,6650.5,115790.0,407135.0,522925.0,0.0,112595.0,428510.0,567500.0,0.85,38.9581950493,-77.0702494807,2.5,3.8625,1.5,15.0,4.01916666667,2.16964285714,7.0,4.18,1.26666666667,5.5,3.88,2.0,1.0,4.3,,4.5,4.1,,9.0,3.86428571429,2.0,19.5,3.84916666667,1.925,0.0,,,3.5,3.75,,0.5,,,5.59656229918,1.36944e+18
20824,2360.45,277700.0,65729.0,35293.0,277700.0,310260.0,0.0,0.0,3529.5,0.0,0.0,0.0,0.0,0.01,0.0,0.0,0.0,0.0,0.0,114210.0,196050.0,310260.0,5369.0,107080.0,166945.0,274025.0,0.0,114075.0,163625.0,207000.0,0.85,38.8914424493,-76.9687213176,8.0,4.06666666667,1.11111111111,10.0,3.815,1.92857142857,10.0,3.875,1.66666666667,12.0,4.05,2.0,0.5,4.1,,7.5,3.95,,8.0,4.1,2.0,14.5,3.75,1.34210526316,0.0,,,0.0,,,0.5,4.5,,5.22330741183,1.3673232e+18
20827,3991.98,601410.0,98536.0,60318.0,601410.0,710960.0,0.0,0.0,4888.0,0.0,0.0,0.0,0.0,0.01,0.0,0.0,0.0,0.0,0.0,480000.0,230960.0,710960.0,2433.0,142050.0,195860.0,337910.0,0.0,409700.0,191710.0,310000.0,0.85,38.9416567222,-76.9889966525,1.0,,,5.0,4.0,2.0,2.0,4.2,2.0,3.0,4.6,3.0,1.0,,,2.0,,,4.0,3.2,,20.0,3.86428571429,1.44444444444,0.0,,,1.0,,,1.0,,,5.49136169383,1.3613184e+18
20830,2199.38,258750.0,80130.0,24163.0,258750.0,321850.0,0.0,0.0,1304.0,0.0,0.0,0.0,0.0,0.01,0.0,0.0,0.0,0.0,0.0,103810.0,218040.0,321850.0,3827.0,92660.0,159110.0,251770.0,0.0,100290.0,158460.0,9125.0,0.85,38.9491355664,-77.0222677964,8.0,4.4,1.0,10.0,4.25714285714,1.83333333333,5.0,4.4,2.0,20.0,4.2,2.0,0.0,,,7.0,,,10.0,3.35,2.0,20.0,3.97058823529,1.53333333333,0.0,,,2.0,4.2,,0.0,,,3.96023287313,1.3650336e+18
20832,2448.49,306260.0,104522.5,57161.1666667,306260.0,345661.666667,0.0,0.0,2065.0,0.0,0.0,0.0,0.0,0.01,0.0,0.0,0.0,0.0,0.0,168993.333333,176668.333333,345661.666667,4588.66666667,141085.0,165640.0,306725.0,0.0,144735.0,161525.0,321666.666667,0.85,38.8956746395,-76.9934518554,6.0,3.599375,1.54166666667,9.33333333333,3.8925,2.36029411765,6.33333333333,3.89657894737,1.61483253589,12.1666666667,3.80333333333,1.95,1.33333333333,4.13333333333,,8.16666666667,4.50833333333,,7.16666666667,3.17,1.93333333333,16.3333333333,3.79111111111,1.48478407557,0.0,,,5.33333333333,4.17,,1.5,3.85,,5.29488765279,1.3540464e+18
20833,3009.08,354010.0,96713.0,19806.0,354010.0,460885.0,0.0,0.0,761.0,0.0,0.0,0.0,0.0,0.01,0.0,0.0,0.0,0.0,0.0,296930.0,163955.0,460885.0,5783.0,195400.0,136200.0,331600.0,0.0,212445.0,141565.0,472500.0,0.85,38.9340517663,-77.0425713239,9.5,4.06515151515,1.5,12.0,4.07,1.73684210526,13.0,4.24166666667,1.52777777778,14.5,3.85833333333,1.375,1.5,3.9,,10.5,4.35,,9.5,3.03333333333,1.6,20.0,3.93607142857,1.77692307692,0.0,,,10.5,4.28076923077,3.5,0.5,3.7,,5.67263784231,1.3611888e+18
20848,1596.8,187860.0,124300.0,53270.0,187860.0,191680.0,0.0,0.0,794.0,0.0,0.0,0.0,0.0,0.01,0.0,0.0,0.0,0.0,0.0,134180.0,57500.0,191680.0,15779.0,106110.0,45470.0,151580.0,0.0,131500.0,56360.0,209500.0,0.85,38.9719771538,-77.0167089042,4.0,3.76666666667,2.0,10.0,4.13333333333,2.0,7.0,4.36,1.5,9.0,3.8,2.0,0.0,,,7.0,3.8,,7.0,2.7,2.0,20.0,3.84,1.22222222222,0.0,,,2.0,3.4,,0.0,,,5.3211840273,1.3472352e+18
20850,3637.80885714,443741.428571,141740.771429,63180.1142857,428893.857143,557780.028571,0.0,0.0,2125.11428571,0.0,0.0,0.0,0.0,0.01,0.0,0.0,0.0,0.0,0.0,343503.714286,228808.0,572311.714286,6560.2,234415.142857,197716.285714,432131.428571,0.0,243538.571429,200202.857143,550308.571429,0.85,38.9109274326,-77.018621051,8.11428571429,3.99874028273,1.41899867092,11.8571428571,4.01419169203,1.86495951207,9.82857142857,4.06715343035,1.59999621105,11.1428571429,3.88649659864,1.82643678161,1.02857142857,3.94444444444,,9.8,4.34863333333,,9.62857142857,3.35730769231,1.83939393939,17.6857142857,3.83965013025,1.69229270521,1.65714285714,4.41666666667,,6.54285714286,4.15864918415,2.83333333333,1.28571428571,4.02954545455,,5.48241762981,1.37178020571e+18
20852,2818.43588235,368187.058824,115012.176471,62651.4117647,350958.647059,384517.647059,0.0,0.0,1726.29411765,0.0,0.0,0.0,0.0,0.01,0.0,0.0,0.0,0.0,0.0,233414.705882,167620.588235,401035.294118,9594.35294118,188876.470588,145099.411765,333975.882353,0.0,225146.470588,143040.588235,366058.823529,0.85,38.8983819147,-77.0056631312,7.82352941176,3.9003959276,1.53686019862,10.5294117647,3.94108780109,2.014095536,9.94117647059,3.92454213908,1.59440747128,11.5882352941,3.885,1.83035714286,0.823529411765,4.33333333333,,11.2941176471,4.33983465608,,11.4117647059,3.15203703704,1.88,17.9411764706,3.73824975774,1.69326340205,1.17647058824,4.12222222222,,4.82352941176,4.03824915825,2.66666666667,1.47058823529,4.09,,5.43007251382,1.36135397647e+18
20853,2895.79333333,364081.666667,104280.5,51454.3333333,340681.666667,366948.333333,0.0,0.0,1641.5,0.0,0.0,0.0,0.0,0.01,0.0,0.0,0.0,0.0,0.0,185526.666667,204821.666667,390348.333333,7459.33333333,185096.666667,171795.0,356891.666667,0.0,193696.666667,170385.0,359083.333333,0.85,38.9149867576,-77.0186569775,9.66666666667,3.49730392157,1.56812169312,13.3333333333,3.96156641604,2.07387340901,9.66666666667,3.98222222222,1.64385964912,10.8333333333,3.59166666667,1.75,1.5,4.3,,12.1666666667,4.35861111111,,11.3333333333,2.9196969697,1.83333333333,19.1666666667,3.81816379183,1.82319933821,0.0,,,7.16666666667,4.08,2.33333333333,2.66666666667,3.87,,5.48654702467,1.369872e+18
20854,3394.65455882,430807.5,122539.352941,61862.1911765,413282.352941,471323.088235,0.0,0.0,1770.72058824,0.0,0.0,0.0,0.0,0.01,0.0,0.0,0.0,0.0,0.0,261792.647059,223983.382353,485776.029412,8338.17647059,222756.029412,184131.911765,406887.941176,0.0,245980.441176,184827.058824,448980.411765,0.85,38.9125566913,-77.0221732993,9.86764705882,3.83185300557,1.46719578323,14.9705882353,3.97461515906,1.95402387051,12.5,4.0214599401,1.58148118637,14.0441176471,3.84766967292,1.89677750411,1.04411764706,4.25263157895,,12.4411764706,4.25596016184,,12.5,3.26716955267,1.94351311953,18.2647058824,3.88851546217,1.84043901051,0.588235294118,4.26111111111,,6.77941176471,4.04007792208,2.40196078431,1.83823529412,3.98942307692,,5.5355292267,1.36703477647e+18
20855,2475.86,324162.0,90158.8,51011.6,308739.6,365300.0,0.0,0.0,2870.2,0.0,0.0,0.0,0.0,0.01,0.0,0.0,0.0,0.0,0.0,158602.0,220738.0,379340.0,6589.2,145646.0,169552.0,315198.0,0.0,156924.0,167238.0,319980.0,0.85,38.9191325317,-77.0045829821,10.0,4.07182539683,1.45634920635,16.0,4.00342105263,1.71461988304,15.8,4.17696969697,1.5980952381,15.8,4.0,2.3125,0.6,4.9,,14.0,4.48,,14.4,2.75791666667,2.0,19.8,3.95144444444,1.67947368421,4.0,4.21666666667,,4.2,4.1,,1.6,4.0,,5.49692616699,1.35136512e+18
20859,1904.47333333,327496.666667,75881.6666667,38863.6666667,257474.0,321766.666667,0.0,0.0,3568.66666667,0.0,0.0,0.0,0.0,0.01,0.0,0.0,0.0,0.0,0.0,189093.333333,179473.333333,368566.666667,5241.0,173760.0,154216.666667,327976.666667,0.0,176433.333333,151063.333333,371666.666667,0.85,38.9256248056,-77.0046743376,8.0,3.81458333333,1.21052631579,12.6666666667,3.93151515152,1.74166666667,9.66666666667,3.9287037037,1.28333333333,12.0,4.18888888889,2.29761904762,0.333333333333,,,9.0,4.04285714286,,10.3333333333,3.32777777778,2.0,17.6666666667,3.83047619048,1.71052631579,0.0,,,7.0,4.05333333333,2.33333333333,2.0,3.975,,5.54654529227,1.3724352e+18
20861,2917.46,343230.0,94781.0,40800.0,343230.0,363690.0,0.0,0.0,7500.0,0.0,0.0,0.0,0.0,0.01,0.0,0.0,0.0,0.0,0.0,245640.0,118050.0,363690.0,1058.0,94250.0,122100.0,216350.0,0.0,228400.0,114830.0,120000.0,0.85,38.8901067809,-76.9268382799,0.0,,,0.0,,,1.0,,,5.0,,,0.0,,,7.0,,,1.0,,,10.0,3.4,1.0,0.0,,,0.0,,,1.0,,,5.07918124605,1.3492224e+18
20866,2226.15,334513.333333,68855.0,49334.0,286048.333333,297330.0,0.0,0.0,3448.0,0.0,0.0,0.0,0.0,0.01,0.0,0.0,0.0,0.0,0.0,111863.333333,208866.666667,320730.0,3310.66666667,156873.333333,193083.333333,349956.666667,0.0,152836.666667,181676.666667,263500.0,0.85,38.9099325569,-76.9867165202,3.0,3.66666666667,2.0,7.33333333333,4.01428571429,2.25,4.0,4.05714285714,1.75,6.66666666667,3.6875,2.2,1.0,3.8,,5.33333333333,3.9,,9.0,3.88888888889,2.0,19.0,3.52508354219,1.3,0.0,,,3.33333333333,4.2,,1.33333333333,,,5.23945730696,1.3594752e+18
20868,1433.02,238790.0,75428.0,25787.0,168590.0,247800.0,0.0,0.0,2234.0,0.0,0.0,0.0,0.0,0.01,0.0,0.0,0.0,0.0,0.0,121050.0,196950.0,318000.0,2303.0,98780.0,143310.0,242090.0,0.0,99840.0,138950.0,320000.0,0.85,38.9046262273,-76.9831882314,4.0,3.6,1.33333333333,20.0,3.97368421053,1.78571428571,4.0,4.4,1.66666666667,14.0,3.25,1.5,0.0,,,4.0,4.7,,11.0,2.15,2.0,20.0,4.01052631579,1.58823529412,0.0,,,2.0,,,0.0,,,5.50514997832,1.389744e+18
20871,840.54,98886.6666667,157266.666667,67400.0,98886.6666667,89136.6666667,0.0,0.0,932.0,0.0,0.0,0.0,0.0,0.01,0.0,0.0,0.0,0.0,0.0,62396.6666667,26740.0,89136.6666667,11773.3333333,77296.6666667,33126.6666667,110423.333333,0.0,69220.0,29666.6666667,45000.0,0.85,38.8935435105,-76.9525768902,3.0,3.5,2.0,2.0,,,1.0,,,7.0,3.5,2.0,1.0,,,5.66666666667,3.9,,9.0,3.5,2.0,18.0,3.3,1.14285714286,4.33333333333,4.2,,0.0,,,1.0,,,4.65321251378,1.3665024e+18
20872,2448.6,288070.0,88086.0,27284.0,288070.0,317320.0,0.0,0.0,5500.0,0.0,0.0,0.0,0.0,0.01,0.0,0.0,0.0,0.0,0.0,128610.0,188710.0,317320.0,2591.0,122740.0,163300.0,286040.0,0.0,122630.0,165440.0,320000.0,0.85,38.922158445,-76.9910518153,3.0,,,9.0,4.11428571429,1.66666666667,3.0,4.4,1.0,13.0,3.93333333333,1.5,0.0,,,3.0,,,8.0,3.3,2.0,20.0,3.66923076923,1.09090909091,0.0,,,0.0,,,1.0,,,5.50514997832,1.3818816e+18
20874,3700.75333333,435383.333333,91690.0,54375.0,435383.333333,450300.0,0.0,0.0,1271.0,0.0,0.0,0.0,0.0,0.01,0.0,0.0,0.0,0.0,0.0,264260.0,186040.0,450300.0,10465.0,222426.666667,164480.0,386906.666667,0.0,276570.0,158813.333333,381666.666667,0.85,38.918308927,-77.0652970365,14.0,3.78416666667,1.63937621832,13.3333333333,3.75,2.30657894737,14.0,3.86481481481,1.70877192982,11.3333333333,4.04761904762,2.25,2.0,3.9,,14.6666666667,4.10277777778,,14.6666666667,3.76,2.0,15.3333333333,3.83222222222,2.35087719298,0.0,,,13.3333333333,4.05151515152,2.75,2.0,4.0375,,5.51323441298,1.3415616e+18
20876,1717.74333333,237815.0,134263.333333,51395.3333333,202088.166667,228933.333333,0.0,0.0,2516.33333333,0.0,0.0,0.0,0.0,0.01,0.0,0.0,0.0,0.0,0.0,145805.0,118228.333333,264033.333333,8061.5,136490.0,106371.666667,242861.666667,0.0,135748.333333,102066.666667,267295.833333,0.85,38.8793136496,-76.9765460032,5.33333333333,3.65843137255,1.525,6.83333333333,3.98,2.03362573099,7.0,3.38444444444,1.72051282051,7.66666666667,3.59,1.88888888889,1.33333333333,4.55,,8.33333333333,4.32777777778,,8.5,2.99,1.83333333333,11.6666666667,3.76661549708,1.66140350877,0.0,,,3.16666666667,3.975,,1.83333333333,3.85,,5.25445323145,1.3637664e+18
20877,2174.0,286331.428571,88704.4285714,37599.2857143,266274.285714,307597.142857,0.0,0.0,780.428571429,0.0,0.0,0.0,0.0,0.01,0.0,0.0,0.0,0.0,0.0,179771.428571,147882.857143,327654.285714,8264.42857143,142854.285714,118110.0,260964.285714,0.0,168150.0,118181.428571,239071.428571,0.85,38.9162951183,-77.0299528508,12.7142857143,3.89469387755,1.4129318394,16.7142857143,3.95822011322,1.9579017932,13.7142857143,4.07851000049,1.56551099972,14.0,3.66619047619,1.75714285714,1.57142857143,4.05,,14.1428571429,4.40095238095,,14.4285714286,3.19761904762,1.8,20.0,3.86473370927,1.89143692565,2.85714285714,4.25,,10.5714285714,4.14193939394,2.5,1.71428571429,3.89166666667,,5.36261543174,1.36023222857e+18
20878,1619.24307692,201299.230769,66252.1538462,28534.8461538,190499.230769,215957.692308,0.0,0.0,1881.92307692,0.0,0.0,0.0,0.0,0.01,0.0,0.0,0.0,0.0,0.0,112828.461538,113929.230769,226757.692308,4109.53846154,92646.9230769,104827.692308,197474.615385,0.0,98548.4615385,102750.769231,181646.153846,0.85,38.9026142047,-76.9775408589,4.38461538462,3.97194444444,1.28518518519,6.76923076923,3.85759398496,1.8470342523,4.76923076923,4.10317460317,1.56432748538,7.84615384615,3.80277777778,1.59722222222,0.461538461538,3.9,,7.76923076923,4.36466666667,,6.15384615385,2.925,1.77083333333,14.3076923077,3.70955358797,1.37696276891,1.53846153846,4.075,,3.38461538462,4.17138047138,3.0,1.0,4.0,,5.18418634734,1.37352738462e+18
20879,4198.27,493915.0,104209.5,73361.5,493915.0,510170.0,0.0,0.0,2775.0,0.0,0.0,0.0,0.0,0.01,0.0,0.0,0.0,0.0,0.0,246355.0,263815.0,510170.0,4185.5,134250.0,247390.0,381640.0,0.0,255715.0,238200.0,497000.0,0.85,38.8897929518,-77.0293391487,4.0,3.68,1.83333333333,12.0,4.05769230769,1.6,9.0,4.1,1.55555555556,9.0,3.76666666667,2.5,0.0,,,5.5,4.26666666667,,6.0,3.55,2.0,18.5,3.95535714286,1.56842105263,0.0,,,7.5,4.62,,0.0,,,5.55121685284,1.35972e+18
20882,3064.905,360577.5,91832.0,42520.25,360577.5,389855.0,0.0,0.0,2080.0,0.0,0.0,0.0,0.0,0.01,0.0,0.0,0.0,0.0,0.0,189835.0,200020.0,389855.0,4411.0,187190.0,175865.0,363055.0,0.0,192237.5,168340.0,293750.0,0.85,38.9316117997,-77.0205256463,1.25,3.95,2.0,6.5,4.07261904762,1.89523809524,2.75,3.98333333333,1.83333333333,9.25,3.85555555556,1.88888888889,0.5,4.3,,5.75,4.36666666667,,8.5,2.87777777778,2.0,15.0,3.70177083333,1.54017857143,0.0,,,1.0,4.3,,0.75,,,5.31521155556,1.3615128e+18
20885,2250.38,264750.0,143808.0,50441.0,264750.0,269250.0,0.0,0.0,20565.0,0.0,0.0,0.0,0.0,0.01,0.0,0.0,0.0,0.0,0.0,80870.0,188380.0,269250.0,538.0,187870.0,191460.0,379330.0,0.0,80690.0,184060.0,225000.0,0.85,38.8690606482,-76.9639403679,1.0,,,2.0,,,0.0,,,5.0,,,0.0,,,1.0,,,2.0,2.7,,15.0,3.94444444444,1.28571428571,0.0,,,0.0,,,0.0,,,5.35218251811,1.3593312e+18
20886,2479.78666667,315140.0,65610.0,41783.6666667,291740.0,339655.333333,0.0,0.0,3582.0,0.0,0.0,0.0,0.0,0.01,0.0,0.0,0.0,0.0,0.0,126606.666667,254343.333333,380950.0,3772.33333333,115850.0,191503.333333,307353.333333,0.0,124476.666667,190663.333333,341833.333333,0.85,38.9303641644,-77.0123644812,7.0,4.1037037037,1.38888888889,16.0,4.03111111111,1.72083333333,12.0,4.21611111111,1.37301587302,12.3333333333,4.16,2.41666666667,1.0,4.9,,11.3333333333,4.36666666667,,14.3333333333,3.05555555556,2.0,20.0,3.85542232278,1.51080827068,0.0,,,3.0,,,1.66666666667,4.0,,5.53000743443,1.3710816e+18
20895,3210.13,420642.5,58072.5,38120.0,377663.0,419777.5,0.0,0.0,962.75,0.0,0.0,0.0,0.0,0.01,0.0,0.0,0.0,0.0,0.0,226465.0,228412.5,454877.5,7257.75,161670.0,187095.0,348765.0,0.0,234010.0,186632.5,408812.5,0.85,38.9116592434,-77.0201525621,6.0,3.89166666667,1.76923076923,12.75,4.09791666667,1.82118758435,8.75,4.08308823529,1.80833333333,12.5,3.65916666667,1.91666666667,0.75,4.9,,9.75,4.41875,,12.5,2.95,2.0,19.0,3.85237745098,1.65079365079,0.0,,,2.25,4.21666666667,,1.75,3.95,,5.52968868925,1.3696344e+18
20901,4192.886,509498.0,111730.3,73027.6,502478.0,540346.0,0.0,0.0,2932.7,0.0,0.0,0.0,0.0,0.01,0.0,0.0,0.0,0.0,0.0,347125.0,200241.0,547366.0,8748.4,273078.0,161934.0,435012.0,0.0,351410.0,158088.0,523545.5,0.85,38.9307057582,-77.0272425291,6.7,3.98564393939,1.28976608187,9.8,4.09875117481,1.97941176471,8.0,4.14301900585,1.79685733943,9.2,3.68201058201,1.81547619048,1.3,4.2,,9.7,4.288,,9.7,3.23142857143,1.66,17.4,3.83787742082,1.8434245579,0.0,,,6.1,4.024,2.75,1.5,3.925,,5.60052012373,1.369008e+18
20902,2664.29545455,339362.727273,133185.909091,59237.1818182,312736.909091,349295.454545,0.0,0.0,2878.54545455,0.0,0.0,0.0,0.0,0.01,0.0,0.0,0.0,0.0,0.0,186918.181818,187904.545455,374822.727273,6298.18181818,169668.181818,159661.818182,329330.0,0.0,177954.545455,161408.181818,327319.090909,0.85,38.9301011928,-77.0005555715,5.36363636364,4.03725490196,1.30625,9.45454545455,4.08798941799,1.85381593715,6.72727272727,4.283125,1.48707482993,10.0909090909,3.82625,1.76666666667,0.636363636364,4.4,,8.09090909091,4.25666666667,,7.45454545455,2.7130952381,1.93333333333,17.9090909091,3.91161800446,1.43854441716,0.0,,,3.09090909091,3.97012987013,2.0,0.818181818182,3.81666666667,,5.44389901961,1.36095709091e+18
20903,1603.8544,194304.8,92331.88,42308.76,188688.8,194530.8,0.0,0.0,1148.6,0.0,0.0,0.0,0.0,0.01,0.0,0.0,0.0,0.0,0.0,116347.6,83799.2,200146.8,15526.52,119749.6,75802.0,195551.6,0.0,117273.2,77031.6,1032833.36,0.85,38.9272758113,-77.0332343643,11.72,3.90965838509,1.546875,18.08,4.01619348371,1.76235192683,17.16,4.19036078431,1.47692736185,17.0,3.55463768116,1.98913043478,0.8,3.9,,12.96,4.15,,17.0,3.01418219462,2.0,19.16,3.87489500221,1.80354925776,0.76,4.4,,5.28,4.28571428571,,1.76,3.75,,5.93308573374,1.3565664e+18
20904,2896.586,367538.0,151129.6,67626.5333333,348818.0,371015.333333,0.0,0.0,1049.86666667,0.0,0.0,0.0,0.0,0.01,0.0,0.0,0.0,0.0,0.0,246831.333333,142904.0,389735.333333,7327.06666667,184241.333333,126678.0,310919.333333,0.0,241468.666667,126069.333333,381960.0,0.85,38.902196793,-76.9942614589,6.2,3.85526159502,1.47141290727,9.6,3.96161793372,2.02433296784,7.73333333333,4.05721838266,1.68503160258,9.53333333333,3.86579365079,2.04861111111,0.6,4.03333333333,,8.73333333333,4.29888888889,,8.86666666667,2.99931216931,2.0,14.6,3.73478508772,1.6357059315,1.33333333333,4.0,,4.8,4.07366666667,2.72222222222,1.66666666667,3.905,,5.28306004783,1.36078272e+18
20905,1937.105,227895.0,81225.0,31827.5,227895.0,243067.5,0.0,0.0,1697.0,0.0,0.0,0.0,0.0,0.01,0.0,0.0,0.0,0.0,0.0,155995.0,87072.5,243067.5,9233.25,146207.5,82237.5,228445.0,0.0,147262.5,80632.5,405000.0,0.85,38.8924962665,-77.0082776471,2.75,2.6,1.33333333333,5.25,3.43333333333,1.96666666667,11.25,3.4,1.51282051282,4.25,2.4,2.0,0.75,4.5,,12.0,4.42666666667,,3.75,3.36666666667,2.0,16.5,3.63933823529,1.61666666667,3.5,4.3,,0.75,,,2.5,3.875,,5.57341553692,1.3716216e+18
20906,1909.1,248000.0,87760.0,37368.3333333,224600.0,239586.666667,0.0,0.0,1248.33333333,0.0,0.0,0.0,0.0,0.01,0.0,0.0,0.0,0.0,0.0,165416.666667,97570.0,262986.666667,4452.0,153513.333333,93560.0,247073.333333,0.0,155430.0,92570.0,260000.0,0.85,38.8728026727,-76.9981025519,6.0,3.9,1.61538461538,7.0,3.915,2.10526315789,6.66666666667,4.08888888889,1.5,9.33333333333,4.1,1.88888888889,1.0,,,8.33333333333,4.14,,9.66666666667,3.1,1.875,10.6666666667,3.93666666667,1.77631578947,0.0,,,5.0,4.27142857143,,0.666666666667,3.9,,5.22885641445,1.3771584e+18
20910,3159.17178571,339857.142857,83749.0357143,37228.75,318403.785714,355063.357143,0.0,0.0,2386.85714286,0.0,0.0,0.0,0.0,0.0114285714286,0.0,0.0,0.0,0.0,0.0,185426.428571,196701.071429,382127.5,5308.35714286,155245.714286,161359.285714,316605.0,0.0,180611.071429,159246.071429,339427.321429,0.998214285714,38.9265852413,-77.0026099031,5.64285714286,3.92188283208,1.46001846722,11.0,4.11262143409,1.7020649359,7.42857142857,4.26219644708,1.5559922012,11.7857142857,3.88900226757,1.62708333333,0.428571428571,4.5,,8.96428571429,4.34981481481,,9.10714285714,3.03245833333,1.85087719298,17.3214285714,3.8584742294,1.55362270921,0.0,,,2.60714285714,4.07265306122,2.66666666667,1.07142857143,3.935,,5.45976079574,1.36321611429e+18
20912,2485.24,314574.166667,90065.3333333,45528.4166667,302287.166667,347461.583333,0.0,0.0,2880.5,0.0,0.0,0.0,0.0,0.01,0.0,0.0,0.0,0.0,0.0,186555.0,178095.833333,364650.833333,4487.66666667,142193.333333,149647.5,291840.833333,0.0,168600.833333,145973.333333,298613.416667,0.85,38.9296598165,-77.0113032758,3.41666666667,3.90388888889,1.375,9.75,3.99169900275,1.67939925572,5.25,4.08475,1.51521164021,9.33333333333,3.6037037037,1.7962962963,0.416666666667,4.5,,6.5,4.31333333333,,10.9166666667,2.76296296296,1.78571428571,17.25,3.81571702206,1.42970866709,0.0,,,1.08333333333,3.775,,0.833333333333,3.9,,5.43832676647,1.3658688e+18
20992,15368.5,307370.0,136864.0,18418.0,307370.0,309520.0,0.0,0.0,2875.0,0.0,0.0,0.0,0.0,0.05,0.0,0.0,0.0,0.0,0.0,176780.0,132740.0,309520.0,524.0,169570.0,140240.0,309810.0,0.0,173620.0,133750.0,275000.0,5.0,38.8620331531,-76.9611975917,2.0,3.1,2.0,0.0,,,1.0,2.5,2.0,4.0,3.1,2.0,0.0,,,3.0,,,8.0,2.9,2.0,12.0,3.2125,1.16666666667,0.0,,,0.0,,,0.0,,,5.43933269383,1.383264e+18
